--
-- PostgreSQL database dump
--

-- Dumped from database version 10.23
-- Dumped by pg_dump version 10.23

SET statement_timeout = 0;
SET lock_timeout = 0;
SET idle_in_transaction_session_timeout = 0;
SET client_encoding = 'UTF8';
SET standard_conforming_strings = on;
SELECT pg_catalog.set_config('search_path', '', false);
SET check_function_bodies = false;
SET xmloption = content;
SET client_min_messages = warning;
SET row_security = off;

--
-- Name: plpgsql; Type: EXTENSION; Schema: -; Owner: 
--

CREATE EXTENSION IF NOT EXISTS plpgsql WITH SCHEMA pg_catalog;


--
-- Name: EXTENSION plpgsql; Type: COMMENT; Schema: -; Owner: 
--

COMMENT ON EXTENSION plpgsql IS 'PL/pgSQL procedural language';


--
-- Name: states; Type: TYPE; Schema: public; Owner: yastvanu
--

CREATE TYPE public.states AS ENUM (
    'Abuja',
    'Abia State',
    'Adamawa State',
    'Akwa-Ibom State',
    'Anambra State',
    'Bauchi State',
    'Benue State',
    'Bornu State',
    'Cross River State',
    'Delta State',
    'Edo State',
    'Enugu State',
    'Imo State',
    'Jigawa State',
    'Kaduna State',
    'Lagos State',
    'Niger State',
    'Ogun State',
    'Platue State',
    'Rivers State',
    'Kastina State',
    'Osun State',
    'Oyo State',
    'Sokoto State',
    'Taraba State',
    'Kogi State',
    'Ekiti State',
    'Kano State',
    'Bayelsa State'
);


ALTER TYPE public.states OWNER TO yastvanu;

SET default_tablespace = '';

SET default_with_oids = false;

--
-- Name: admins; Type: TABLE; Schema: public; Owner: yastvanu
--

CREATE TABLE public.admins (
    admin_id bigint NOT NULL,
    created_at timestamp with time zone DEFAULT now() NOT NULL,
    admin_name character varying,
    admin_email character varying,
    admin_pass character varying,
    admin_image text,
    admin_contact character varying,
    admin_country text,
    admin_job character varying,
    admin_about text
);


ALTER TABLE public.admins OWNER TO yastvanu;

--
-- Name: admins_admin_id_seq; Type: SEQUENCE; Schema: public; Owner: yastvanu
--

ALTER TABLE public.admins ALTER COLUMN admin_id ADD GENERATED BY DEFAULT AS IDENTITY (
    SEQUENCE NAME public.admins_admin_id_seq
    START WITH 1
    INCREMENT BY 1
    NO MINVALUE
    NO MAXVALUE
    CACHE 1
);


--
-- Name: banks; Type: TABLE; Schema: public; Owner: yastvanu
--

CREATE TABLE public.banks (
    bank_id bigint NOT NULL,
    created_at timestamp with time zone DEFAULT now() NOT NULL,
    bank_name text,
    account_number text,
    account_name text,
    logo_url text,
    payment_url text
);


ALTER TABLE public.banks OWNER TO yastvanu;

--
-- Name: banks_bank_id_seq; Type: SEQUENCE; Schema: public; Owner: yastvanu
--

ALTER TABLE public.banks ALTER COLUMN bank_id ADD GENERATED BY DEFAULT AS IDENTITY (
    SEQUENCE NAME public.banks_bank_id_seq
    START WITH 1
    INCREMENT BY 1
    NO MINVALUE
    NO MAXVALUE
    CACHE 1
);


--
-- Name: bundle_products; Type: TABLE; Schema: public; Owner: yastvanu
--

CREATE TABLE public.bundle_products (
    bundle_product_id bigint NOT NULL,
    bundle_id bigint,
    product_id bigint,
    original_price double precision,
    discounted_price double precision
);


ALTER TABLE public.bundle_products OWNER TO yastvanu;

--
-- Name: bundle_products_bundle_product_id_seq; Type: SEQUENCE; Schema: public; Owner: yastvanu
--

ALTER TABLE public.bundle_products ALTER COLUMN bundle_product_id ADD GENERATED ALWAYS AS IDENTITY (
    SEQUENCE NAME public.bundle_products_bundle_product_id_seq
    START WITH 1
    INCREMENT BY 1
    NO MINVALUE
    NO MAXVALUE
    CACHE 1
);


--
-- Name: bundles; Type: TABLE; Schema: public; Owner: yastvanu
--

CREATE TABLE public.bundles (
    bundle_id bigint NOT NULL,
    seller_id bigint,
    bundle_title text NOT NULL,
    bundle_description text,
    total_price double precision NOT NULL,
    created_at timestamp with time zone DEFAULT now()
);


ALTER TABLE public.bundles OWNER TO yastvanu;

--
-- Name: bundles_bundle_id_seq; Type: SEQUENCE; Schema: public; Owner: yastvanu
--

ALTER TABLE public.bundles ALTER COLUMN bundle_id ADD GENERATED ALWAYS AS IDENTITY (
    SEQUENCE NAME public.bundles_bundle_id_seq
    START WITH 1
    INCREMENT BY 1
    NO MINVALUE
    NO MAXVALUE
    CACHE 1
);


--
-- Name: cart; Type: TABLE; Schema: public; Owner: yastvanu
--

CREATE TABLE public.cart (
    cart_id bigint NOT NULL,
    created_at timestamp with time zone DEFAULT now() NOT NULL,
    ip_add character varying,
    qty bigint,
    p_price character varying,
    size text,
    product_id bigint,
    customer_id bigint
);


ALTER TABLE public.cart OWNER TO yastvanu;

--
-- Name: cart_cart_id_seq; Type: SEQUENCE; Schema: public; Owner: yastvanu
--

ALTER TABLE public.cart ALTER COLUMN cart_id ADD GENERATED ALWAYS AS IDENTITY (
    SEQUENCE NAME public.cart_cart_id_seq
    START WITH 1
    INCREMENT BY 1
    NO MINVALUE
    NO MAXVALUE
    CACHE 1
);


--
-- Name: categories; Type: TABLE; Schema: public; Owner: yastvanu
--

CREATE TABLE public.categories (
    cat_id bigint NOT NULL,
    created_at timestamp with time zone DEFAULT now() NOT NULL,
    cat_title text,
    cat_top boolean,
    cat_image text
);


ALTER TABLE public.categories OWNER TO yastvanu;

--
-- Name: categories_cat_id_seq; Type: SEQUENCE; Schema: public; Owner: yastvanu
--

ALTER TABLE public.categories ALTER COLUMN cat_id ADD GENERATED ALWAYS AS IDENTITY (
    SEQUENCE NAME public.categories_cat_id_seq
    START WITH 1
    INCREMENT BY 1
    NO MINVALUE
    NO MAXVALUE
    CACHE 1
);


--
-- Name: choice_products; Type: TABLE; Schema: public; Owner: yastvanu
--

CREATE TABLE public.choice_products (
    choice_product_id bigint NOT NULL,
    choice_id bigint,
    product_id bigint,
    original_price double precision,
    discounted_price double precision
);


ALTER TABLE public.choice_products OWNER TO yastvanu;

--
-- Name: choice_products_choice_product_id_seq; Type: SEQUENCE; Schema: public; Owner: yastvanu
--

ALTER TABLE public.choice_products ALTER COLUMN choice_product_id ADD GENERATED ALWAYS AS IDENTITY (
    SEQUENCE NAME public.choice_products_choice_product_id_seq
    START WITH 1
    INCREMENT BY 1
    NO MINVALUE
    NO MAXVALUE
    CACHE 1
);


--
-- Name: choices; Type: TABLE; Schema: public; Owner: yastvanu
--

CREATE TABLE public.choices (
    choice_id bigint NOT NULL,
    choice_title text NOT NULL,
    choice_description text,
    total_price double precision NOT NULL,
    created_at timestamp with time zone DEFAULT now(),
    customer_id bigint
);


ALTER TABLE public.choices OWNER TO yastvanu;

--
-- Name: choices_choice_id_seq; Type: SEQUENCE; Schema: public; Owner: yastvanu
--

ALTER TABLE public.choices ALTER COLUMN choice_id ADD GENERATED ALWAYS AS IDENTITY (
    SEQUENCE NAME public.choices_choice_id_seq
    START WITH 1
    INCREMENT BY 1
    NO MINVALUE
    NO MAXVALUE
    CACHE 1
);


--
-- Name: contacts; Type: TABLE; Schema: public; Owner: yastvanu
--

CREATE TABLE public.contacts (
    id bigint NOT NULL,
    submitted_at timestamp with time zone DEFAULT now() NOT NULL,
    subject_id bigint,
    message text,
    customer_id bigint,
    is_starred boolean DEFAULT false,
    is_read boolean DEFAULT false
);


ALTER TABLE public.contacts OWNER TO yastvanu;

--
-- Name: contacts_id_seq; Type: SEQUENCE; Schema: public; Owner: yastvanu
--

ALTER TABLE public.contacts ALTER COLUMN id ADD GENERATED ALWAYS AS IDENTITY (
    SEQUENCE NAME public.contacts_id_seq
    START WITH 1
    INCREMENT BY 1
    NO MINVALUE
    NO MAXVALUE
    CACHE 1
);


--
-- Name: coupons; Type: TABLE; Schema: public; Owner: yastvanu
--

CREATE TABLE public.coupons (
    coupon_id bigint NOT NULL,
    created_at timestamp with time zone DEFAULT now() NOT NULL,
    product_id bigint,
    coupon_title character varying,
    coupon_price character varying,
    coupon_code character varying,
    coupon_limit bigint,
    coupon_used bigint
);


ALTER TABLE public.coupons OWNER TO yastvanu;

--
-- Name: coupons_coupon_id_seq; Type: SEQUENCE; Schema: public; Owner: yastvanu
--

ALTER TABLE public.coupons ALTER COLUMN coupon_id ADD GENERATED ALWAYS AS IDENTITY (
    SEQUENCE NAME public.coupons_coupon_id_seq
    START WITH 1
    INCREMENT BY 1
    NO MINVALUE
    NO MAXVALUE
    CACHE 1
);


--
-- Name: customers; Type: TABLE; Schema: public; Owner: yastvanu
--

CREATE TABLE public.customers (
    customer_id bigint NOT NULL,
    created_at timestamp with time zone DEFAULT now() NOT NULL,
    customer_name character varying,
    customer_email character varying,
    customer_pass character varying,
    customer_country text,
    customer_city text,
    customer_contact character varying,
    customer_address text,
    customer_image text,
    customer_ip character varying,
    customer_confirm_code text,
    provider character varying,
    provider_id character varying,
    state public.states
);


ALTER TABLE public.customers OWNER TO yastvanu;

--
-- Name: customers_customer_id_seq; Type: SEQUENCE; Schema: public; Owner: yastvanu
--

ALTER TABLE public.customers ALTER COLUMN customer_id ADD GENERATED BY DEFAULT AS IDENTITY (
    SEQUENCE NAME public.customers_customer_id_seq
    START WITH 1
    INCREMENT BY 1
    NO MINVALUE
    NO MAXVALUE
    CACHE 1
);


--
-- Name: feedbacks; Type: TABLE; Schema: public; Owner: yastvanu
--

CREATE TABLE public.feedbacks (
    feedback_id bigint NOT NULL,
    order_id bigint NOT NULL,
    order_item_id bigint,
    rating integer NOT NULL,
    comment text,
    created_at timestamp with time zone DEFAULT now(),
    feedtype_id bigint,
    CONSTRAINT feedbacks_rating_check CHECK (((rating >= 1) AND (rating <= 5)))
);


ALTER TABLE public.feedbacks OWNER TO yastvanu;

--
-- Name: feedbacks_feedback_id_seq; Type: SEQUENCE; Schema: public; Owner: yastvanu
--

ALTER TABLE public.feedbacks ALTER COLUMN feedback_id ADD GENERATED ALWAYS AS IDENTITY (
    SEQUENCE NAME public.feedbacks_feedback_id_seq
    START WITH 1
    INCREMENT BY 1
    NO MINVALUE
    NO MAXVALUE
    CACHE 1
);


--
-- Name: feedtype; Type: TABLE; Schema: public; Owner: yastvanu
--

CREATE TABLE public.feedtype (
    feedtype_id bigint NOT NULL,
    created_at timestamp with time zone DEFAULT now() NOT NULL,
    feedback_type character varying
);


ALTER TABLE public.feedtype OWNER TO yastvanu;

--
-- Name: feedtype_feedtype_id_seq; Type: SEQUENCE; Schema: public; Owner: yastvanu
--

ALTER TABLE public.feedtype ALTER COLUMN feedtype_id ADD GENERATED ALWAYS AS IDENTITY (
    SEQUENCE NAME public.feedtype_feedtype_id_seq
    START WITH 1
    INCREMENT BY 1
    NO MINVALUE
    NO MAXVALUE
    CACHE 1
);


--
-- Name: manufacturers; Type: TABLE; Schema: public; Owner: yastvanu
--

CREATE TABLE public.manufacturers (
    manufacturer_id bigint NOT NULL,
    created_at timestamp with time zone DEFAULT now() NOT NULL,
    manufacturer_title text,
    manufacturer_top boolean,
    manufacturer_image text
);


ALTER TABLE public.manufacturers OWNER TO yastvanu;

--
-- Name: manufacturers_manufacturer_id_seq; Type: SEQUENCE; Schema: public; Owner: yastvanu
--

ALTER TABLE public.manufacturers ALTER COLUMN manufacturer_id ADD GENERATED ALWAYS AS IDENTITY (
    SEQUENCE NAME public.manufacturers_manufacturer_id_seq
    START WITH 1
    INCREMENT BY 1
    NO MINVALUE
    NO MAXVALUE
    CACHE 1
);


--
-- Name: order_items; Type: TABLE; Schema: public; Owner: yastvanu
--

CREATE TABLE public.order_items (
    order_item_id bigint NOT NULL,
    order_id bigint NOT NULL,
    product_id bigint NOT NULL,
    qty bigint NOT NULL,
    size text
);


ALTER TABLE public.order_items OWNER TO yastvanu;

--
-- Name: order_items_order_item_id_seq; Type: SEQUENCE; Schema: public; Owner: yastvanu
--

ALTER TABLE public.order_items ALTER COLUMN order_item_id ADD GENERATED ALWAYS AS IDENTITY (
    SEQUENCE NAME public.order_items_order_item_id_seq
    START WITH 1
    INCREMENT BY 1
    NO MINVALUE
    NO MAXVALUE
    CACHE 1
);


--
-- Name: order_status_history; Type: TABLE; Schema: public; Owner: yastvanu
--

CREATE TABLE public.order_status_history (
    id bigint NOT NULL,
    order_id bigint NOT NULL,
    status text NOT NULL,
    updated_at timestamp with time zone DEFAULT now()
);


ALTER TABLE public.order_status_history OWNER TO yastvanu;

--
-- Name: order_status_history_id_seq; Type: SEQUENCE; Schema: public; Owner: yastvanu
--

ALTER TABLE public.order_status_history ALTER COLUMN id ADD GENERATED ALWAYS AS IDENTITY (
    SEQUENCE NAME public.order_status_history_id_seq
    START WITH 1
    INCREMENT BY 1
    NO MINVALUE
    NO MAXVALUE
    CACHE 1
);


--
-- Name: orders; Type: TABLE; Schema: public; Owner: yastvanu
--

CREATE TABLE public.orders (
    order_id bigint NOT NULL,
    created_at timestamp with time zone DEFAULT now() NOT NULL,
    customer_id bigint,
    due_amount bigint,
    invoice_no bigint,
    order_status text,
    order_date timestamp with time zone,
    feedback_complete boolean DEFAULT false NOT NULL
);


ALTER TABLE public.orders OWNER TO yastvanu;

--
-- Name: orders_order_id_seq; Type: SEQUENCE; Schema: public; Owner: yastvanu
--

ALTER TABLE public.orders ALTER COLUMN order_id ADD GENERATED ALWAYS AS IDENTITY (
    SEQUENCE NAME public.orders_order_id_seq
    START WITH 1
    INCREMENT BY 1
    NO MINVALUE
    NO MAXVALUE
    CACHE 1
);


--
-- Name: payments; Type: TABLE; Schema: public; Owner: yastvanu
--

CREATE TABLE public.payments (
    payment_id bigint NOT NULL,
    created_at timestamp with time zone DEFAULT now() NOT NULL,
    invoice_no bigint,
    amount bigint,
    payment_mode text,
    ref_no bigint,
    bank_id bigint,
    payment_date text
);


ALTER TABLE public.payments OWNER TO yastvanu;

--
-- Name: payments_payment_id_seq; Type: SEQUENCE; Schema: public; Owner: yastvanu
--

ALTER TABLE public.payments ALTER COLUMN payment_id ADD GENERATED ALWAYS AS IDENTITY (
    SEQUENCE NAME public.payments_payment_id_seq
    START WITH 1
    INCREMENT BY 1
    NO MINVALUE
    NO MAXVALUE
    CACHE 1
);


--
-- Name: pending_order_items; Type: TABLE; Schema: public; Owner: yastvanu
--

CREATE TABLE public.pending_order_items (
    pending_order_item_id bigint NOT NULL,
    pending_order_id bigint NOT NULL,
    product_id bigint NOT NULL,
    qty bigint NOT NULL,
    size text,
    seller_id bigint NOT NULL
);


ALTER TABLE public.pending_order_items OWNER TO yastvanu;

--
-- Name: pending_order_items_pending_order_item_id_seq; Type: SEQUENCE; Schema: public; Owner: yastvanu
--

ALTER TABLE public.pending_order_items ALTER COLUMN pending_order_item_id ADD GENERATED ALWAYS AS IDENTITY (
    SEQUENCE NAME public.pending_order_items_pending_order_item_id_seq
    START WITH 1
    INCREMENT BY 1
    NO MINVALUE
    NO MAXVALUE
    CACHE 1
);


--
-- Name: pending_orders; Type: TABLE; Schema: public; Owner: yastvanu
--

CREATE TABLE public.pending_orders (
    p_order_id bigint NOT NULL,
    created_at timestamp with time zone DEFAULT now() NOT NULL,
    customer_id bigint,
    invoice_no bigint,
    order_status text,
    order_id bigint
);


ALTER TABLE public.pending_orders OWNER TO yastvanu;

--
-- Name: pending_orders_p_order_id_seq; Type: SEQUENCE; Schema: public; Owner: yastvanu
--

ALTER TABLE public.pending_orders ALTER COLUMN p_order_id ADD GENERATED ALWAYS AS IDENTITY (
    SEQUENCE NAME public.pending_orders_p_order_id_seq
    START WITH 1
    INCREMENT BY 1
    NO MINVALUE
    NO MAXVALUE
    CACHE 1
);


--
-- Name: product_categories; Type: TABLE; Schema: public; Owner: yastvanu
--

CREATE TABLE public.product_categories (
    p_cat_id bigint NOT NULL,
    created_at timestamp with time zone DEFAULT now() NOT NULL,
    p_cat_title text,
    p_cat_top boolean,
    p_cat_image text
);


ALTER TABLE public.product_categories OWNER TO yastvanu;

--
-- Name: product_categories_p_cat_id_seq; Type: SEQUENCE; Schema: public; Owner: yastvanu
--

ALTER TABLE public.product_categories ALTER COLUMN p_cat_id ADD GENERATED ALWAYS AS IDENTITY (
    SEQUENCE NAME public.product_categories_p_cat_id_seq
    START WITH 1
    INCREMENT BY 1
    NO MINVALUE
    NO MAXVALUE
    CACHE 1
);


--
-- Name: products; Type: TABLE; Schema: public; Owner: yastvanu
--

CREATE TABLE public.products (
    product_id bigint NOT NULL,
    created_at timestamp with time zone DEFAULT now() NOT NULL,
    product_title text,
    product_price double precision,
    product_desc character varying,
    product_keywords text,
    product_label text,
    status character varying,
    product_psp_price double precision,
    product_features text[],
    product_url text,
    product_video text,
    product_img1 text,
    product_img2 text,
    product_img3 text,
    cat_id bigint,
    manufacturer_id bigint,
    p_cat_id bigint,
    seller_id bigint,
    item_qty bigint,
    sold_count bigint,
    rating integer DEFAULT 1,
    CONSTRAINT products_rating_check CHECK (((rating >= 0) AND (rating <= 5)))
);


ALTER TABLE public.products OWNER TO yastvanu;

--
-- Name: products_product_id_seq; Type: SEQUENCE; Schema: public; Owner: yastvanu
--

ALTER TABLE public.products ALTER COLUMN product_id ADD GENERATED ALWAYS AS IDENTITY (
    SEQUENCE NAME public.products_product_id_seq
    START WITH 1
    INCREMENT BY 1
    NO MINVALUE
    NO MAXVALUE
    CACHE 1
);


--
-- Name: sellers; Type: TABLE; Schema: public; Owner: yastvanu
--

CREATE TABLE public.sellers (
    seller_id bigint NOT NULL,
    created_at timestamp with time zone DEFAULT now() NOT NULL,
    seller_name character varying,
    seller_email character varying,
    seller_pass character varying,
    seller_image text,
    seller_contact character varying,
    shop_country text,
    business_name character varying,
    cac_no character varying,
    shop_address character varying,
    shop_city character varying
);


ALTER TABLE public.sellers OWNER TO yastvanu;

--
-- Name: sellers_seller_id_seq; Type: SEQUENCE; Schema: public; Owner: yastvanu
--

ALTER TABLE public.sellers ALTER COLUMN seller_id ADD GENERATED ALWAYS AS IDENTITY (
    SEQUENCE NAME public.sellers_seller_id_seq
    START WITH 1
    INCREMENT BY 1
    NO MINVALUE
    NO MAXVALUE
    CACHE 1
);


--
-- Name: subject; Type: TABLE; Schema: public; Owner: yastvanu
--

CREATE TABLE public.subject (
    subject_id bigint NOT NULL,
    created_at timestamp with time zone DEFAULT now() NOT NULL,
    subject text
);


ALTER TABLE public.subject OWNER TO yastvanu;

--
-- Name: subject_subject_id_seq; Type: SEQUENCE; Schema: public; Owner: yastvanu
--

ALTER TABLE public.subject ALTER COLUMN subject_id ADD GENERATED ALWAYS AS IDENTITY (
    SEQUENCE NAME public.subject_subject_id_seq
    START WITH 1
    INCREMENT BY 1
    NO MINVALUE
    NO MAXVALUE
    CACHE 1
);


--
-- Name: wishlist; Type: TABLE; Schema: public; Owner: yastvanu
--

CREATE TABLE public.wishlist (
    wishlist_id bigint NOT NULL,
    created_at timestamp with time zone DEFAULT now() NOT NULL,
    customer_id bigint,
    product_id bigint
);


ALTER TABLE public.wishlist OWNER TO yastvanu;

--
-- Name: wishlist_wishlist_id_seq; Type: SEQUENCE; Schema: public; Owner: yastvanu
--

ALTER TABLE public.wishlist ALTER COLUMN wishlist_id ADD GENERATED ALWAYS AS IDENTITY (
    SEQUENCE NAME public.wishlist_wishlist_id_seq
    START WITH 1
    INCREMENT BY 1
    NO MINVALUE
    NO MAXVALUE
    CACHE 1
);


--
-- Data for Name: admins; Type: TABLE DATA; Schema: public; Owner: yastvanu
--

INSERT INTO public.admins VALUES (1, '2025-03-30 11:05:43+00', 'David Utibe Jonah', 'dutibe04@gmail.com', 'Xcalibar12$', 'admins/me.jpg', '+2348167462350', 'Lagos Nigeria', 'Front-End Developer', 'I am deeply committed to fostering innovation within the realm of information and communication technology (ICT). My specialization lies in the meticulous tailoring of ICT systems to precisely align with the distinctive requirements of clients, ensuring that their IT strategies effectively underpin their business objectives. My academic background encompasses a degree in Computer Science from the esteemed National Open University of Nigeria, serving as the cornerstone of my proficiency in network design and administration.');
INSERT INTO public.admins VALUES (2, '2025-06-10 18:54:30+00', 'USHOP Admin', 'ushopadmin@gmail.com', '123456789', 'admins/ushop-small.svg', '08066334455', 'Lagos Nigeria', 'Front-End Developer', 'I Excel in Developent');


--
-- Data for Name: banks; Type: TABLE DATA; Schema: public; Owner: yastvanu
--

INSERT INTO public.banks VALUES (1, '2025-04-10 00:39:27.073931+00', 'GTBank', '0123456789', 'USHOP LTD', 'https://upload.wikimedia.org/wikipedia/commons/thumb/1/14/GTBank_logo.svg/2048px-GTBank_logo.svg.png', '0002010102111704OPAY5204000053035665802NG5917DAVID UTIBE JONAH6007Nigeria26370011com.opayweb031815661908280645010063040324');
INSERT INTO public.banks VALUES (2, '2025-04-10 00:40:46.762629+00', 'EcoBank', '0123456789', 'USHOP LTD', 'https://encrypted-tbn0.gstatic.com/images?q=tbn:ANd9GcRit2vbFGMP7UaeOIFQL8WDFfJTfoHMJA6KGw&s', '0002010102111704OPAY5204000053035665802NG5917DAVID UTIBE JONAH6007Nigeria26370011com.opayweb031815661908280645010063040324');
INSERT INTO public.banks VALUES (3, '2025-04-10 00:41:17.335861+00', 'Opay', '0123456789', 'USHOP LTD', 'https://encrypted-tbn0.gstatic.com/images?q=tbn:ANd9GcQ7Rsf-zB-L5xXQBjac6KGIzlnqNXK3RA1ZbQ&s', '0002010102111704OPAY5204000053035665802NG5917DAVID UTIBE JONAH6007Nigeria26370011com.opayweb031815661908280645010063040324');
INSERT INTO public.banks VALUES (4, '2025-04-15 10:53:41.925685+00', 'PalmPay', '0123456789', 'USHOP LTD', 'https://bggxudsqbvqiefwckren.supabase.co/storage/v1/object/public/media//palmpay.jpeg', 'https://ushop.com.ng');


--
-- Data for Name: bundle_products; Type: TABLE DATA; Schema: public; Owner: yastvanu
--

INSERT INTO public.bundle_products OVERRIDING SYSTEM VALUE VALUES (1, 1, 4, 622, 311);
INSERT INTO public.bundle_products OVERRIDING SYSTEM VALUE VALUES (2, 1, 8, 3112, 1556);
INSERT INTO public.bundle_products OVERRIDING SYSTEM VALUE VALUES (3, 2, 7, 3316, 1658);
INSERT INTO public.bundle_products OVERRIDING SYSTEM VALUE VALUES (4, 2, 5, 3271, 1635.5);
INSERT INTO public.bundle_products OVERRIDING SYSTEM VALUE VALUES (5, 2, 3, 2134, 1067);


--
-- Data for Name: bundles; Type: TABLE DATA; Schema: public; Owner: yastvanu
--

INSERT INTO public.bundles OVERRIDING SYSTEM VALUE VALUES (1, 1, 'Beauty Fit', 'Are you going on a first date? This is your perfect dressup', 1867, '2025-04-25 13:17:18.121213+00');
INSERT INTO public.bundles OVERRIDING SYSTEM VALUE VALUES (2, 1, 'Sweatshirt Bundle', 'Sweatshirt and Cardigan bundle for Him and Her', 4360.5, '2025-04-29 23:04:28.828673+00');


--
-- Data for Name: cart; Type: TABLE DATA; Schema: public; Owner: yastvanu
--

INSERT INTO public.cart OVERRIDING SYSTEM VALUE VALUES (2, '2025-04-06 21:55:38.274065+00', 'localhost', 1, '2134', NULL, 3, NULL);
INSERT INTO public.cart OVERRIDING SYSTEM VALUE VALUES (3, '2025-04-06 22:34:55.680875+00', 'dutibe04@gmail.com', 1, '1220', 'Default', 1, NULL);
INSERT INTO public.cart OVERRIDING SYSTEM VALUE VALUES (4, '2025-04-06 22:36:56.419249+00', 'dutibe04@gmail.com', 1, '5111', 'Default', 2, NULL);
INSERT INTO public.cart OVERRIDING SYSTEM VALUE VALUES (91, '2025-05-16 15:50:33.553632+00', 'localhost', 1, '3271', NULL, 5, NULL);
INSERT INTO public.cart OVERRIDING SYSTEM VALUE VALUES (96, '2025-05-20 18:11:28.424605+00', 'localhost', 1, '3112', 'Default', 8, NULL);
INSERT INTO public.cart OVERRIDING SYSTEM VALUE VALUES (97, '2025-05-20 18:13:34.610259+00', NULL, 1, '6312', 'Default', 9, 5);
INSERT INTO public.cart OVERRIDING SYSTEM VALUE VALUES (99, '2025-05-20 18:43:39.631883+00', 'localhost', 2, '545', 'XXL', 11, 5);


--
-- Data for Name: categories; Type: TABLE DATA; Schema: public; Owner: yastvanu
--

INSERT INTO public.categories OVERRIDING SYSTEM VALUE VALUES (1, '2025-03-30 23:35:08+00', 'Others', true, NULL);
INSERT INTO public.categories OVERRIDING SYSTEM VALUE VALUES (3, '2025-04-06 15:44:57+00', 'Men', true, NULL);
INSERT INTO public.categories OVERRIDING SYSTEM VALUE VALUES (4, '2025-04-07 15:41:14.636521+00', 'Gadgets', true, 'categories/gadgets.png');
INSERT INTO public.categories OVERRIDING SYSTEM VALUE VALUES (5, '2025-04-08 11:00:43.599894+00', 'Women', true, 'categories/woman.png');
INSERT INTO public.categories OVERRIDING SYSTEM VALUE VALUES (6, '2025-04-08 12:38:38.6634+00', 'Kids', true, 'categories/kids.png');


--
-- Data for Name: choice_products; Type: TABLE DATA; Schema: public; Owner: yastvanu
--

INSERT INTO public.choice_products OVERRIDING SYSTEM VALUE VALUES (37, 15, 8, 3112, 2178.40000000000009);
INSERT INTO public.choice_products OVERRIDING SYSTEM VALUE VALUES (38, 15, 9, 6312, 4418.39999999999964);
INSERT INTO public.choice_products OVERRIDING SYSTEM VALUE VALUES (39, 15, 7, 3316, 2321.19999999999982);
INSERT INTO public.choice_products OVERRIDING SYSTEM VALUE VALUES (40, 16, 7, 3316, 2321.19999999999982);
INSERT INTO public.choice_products OVERRIDING SYSTEM VALUE VALUES (41, 16, 5, 3271, 2289.69999999999982);
INSERT INTO public.choice_products OVERRIDING SYSTEM VALUE VALUES (42, 16, 6, 279, 195.300000000000011);
INSERT INTO public.choice_products OVERRIDING SYSTEM VALUE VALUES (43, 17, 4, 622, 435.399999999999977);
INSERT INTO public.choice_products OVERRIDING SYSTEM VALUE VALUES (44, 17, 6, 279, 195.300000000000011);
INSERT INTO public.choice_products OVERRIDING SYSTEM VALUE VALUES (45, 17, 5, 3271, 2289.69999999999982);
INSERT INTO public.choice_products OVERRIDING SYSTEM VALUE VALUES (46, 18, 9, 6312, 4418.39999999999964);
INSERT INTO public.choice_products OVERRIDING SYSTEM VALUE VALUES (47, 18, 3, 2134, 1493.79999999999995);
INSERT INTO public.choice_products OVERRIDING SYSTEM VALUE VALUES (48, 18, 7, 3316, 2321.19999999999982);
INSERT INTO public.choice_products OVERRIDING SYSTEM VALUE VALUES (49, 19, 4, 622, 435.399999999999977);
INSERT INTO public.choice_products OVERRIDING SYSTEM VALUE VALUES (50, 19, 9, 6312, 4418.39999999999964);
INSERT INTO public.choice_products OVERRIDING SYSTEM VALUE VALUES (51, 19, 6, 279, 195.300000000000011);
INSERT INTO public.choice_products OVERRIDING SYSTEM VALUE VALUES (52, 20, 8, 3112, 2178.40000000000009);
INSERT INTO public.choice_products OVERRIDING SYSTEM VALUE VALUES (53, 20, 10, 518, 362.600000000000023);
INSERT INTO public.choice_products OVERRIDING SYSTEM VALUE VALUES (54, 20, 9, 6312, 4418.39999999999964);
INSERT INTO public.choice_products OVERRIDING SYSTEM VALUE VALUES (55, 21, 10, 518, 362.600000000000023);
INSERT INTO public.choice_products OVERRIDING SYSTEM VALUE VALUES (56, 21, 9, 6312, 4418.39999999999964);
INSERT INTO public.choice_products OVERRIDING SYSTEM VALUE VALUES (57, 21, 8, 3112, 2178.40000000000009);
INSERT INTO public.choice_products OVERRIDING SYSTEM VALUE VALUES (58, 22, 8, 3112, 2178.40000000000009);
INSERT INTO public.choice_products OVERRIDING SYSTEM VALUE VALUES (59, 22, 9, 6312, 4418.39999999999964);
INSERT INTO public.choice_products OVERRIDING SYSTEM VALUE VALUES (60, 22, 10, 518, 362.600000000000023);
INSERT INTO public.choice_products OVERRIDING SYSTEM VALUE VALUES (61, 23, 9, 6312, 4418.39999999999964);
INSERT INTO public.choice_products OVERRIDING SYSTEM VALUE VALUES (62, 23, 11, 545, 381.5);
INSERT INTO public.choice_products OVERRIDING SYSTEM VALUE VALUES (63, 23, 8, 3112, 2178.40000000000009);
INSERT INTO public.choice_products OVERRIDING SYSTEM VALUE VALUES (64, 24, 4, 622, 435.399999999999977);
INSERT INTO public.choice_products OVERRIDING SYSTEM VALUE VALUES (65, 24, 6, 279, 195.300000000000011);
INSERT INTO public.choice_products OVERRIDING SYSTEM VALUE VALUES (66, 24, 7, 3316, 2321.19999999999982);
INSERT INTO public.choice_products OVERRIDING SYSTEM VALUE VALUES (67, 25, 8, 3112, 2178.40000000000009);
INSERT INTO public.choice_products OVERRIDING SYSTEM VALUE VALUES (68, 25, 4, 622, 435.399999999999977);
INSERT INTO public.choice_products OVERRIDING SYSTEM VALUE VALUES (69, 25, 3, 2134, 1493.79999999999995);
INSERT INTO public.choice_products OVERRIDING SYSTEM VALUE VALUES (70, 26, 5, 3271, 2289.69999999999982);
INSERT INTO public.choice_products OVERRIDING SYSTEM VALUE VALUES (71, 26, 6, 279, 195.300000000000011);
INSERT INTO public.choice_products OVERRIDING SYSTEM VALUE VALUES (72, 26, 10, 518, 362.600000000000023);
INSERT INTO public.choice_products OVERRIDING SYSTEM VALUE VALUES (73, 27, 8, 3112, 2178.40000000000009);
INSERT INTO public.choice_products OVERRIDING SYSTEM VALUE VALUES (74, 27, 5, 3271, 2289.69999999999982);
INSERT INTO public.choice_products OVERRIDING SYSTEM VALUE VALUES (75, 27, 4, 622, 435.399999999999977);
INSERT INTO public.choice_products OVERRIDING SYSTEM VALUE VALUES (76, 28, 11, 7263, 5084.10000000000036);
INSERT INTO public.choice_products OVERRIDING SYSTEM VALUE VALUES (77, 28, 10, 9842, 6889.39999999999964);
INSERT INTO public.choice_products OVERRIDING SYSTEM VALUE VALUES (78, 28, 9, 63161, 44212.6999999999971);


--
-- Data for Name: choices; Type: TABLE DATA; Schema: public; Owner: yastvanu
--

INSERT INTO public.choices OVERRIDING SYSTEM VALUE VALUES (15, 'Bundle of 3', NULL, 8918, '2025-04-30 11:49:53.148762+00', 3);
INSERT INTO public.choices OVERRIDING SYSTEM VALUE VALUES (16, 'Bundle of 3', NULL, 4806.19999999999982, '2025-04-30 12:48:33.555501+00', 4);
INSERT INTO public.choices OVERRIDING SYSTEM VALUE VALUES (17, 'Bundle of 3', NULL, 2920.40000000000009, '2025-04-30 14:39:10.410163+00', 4);
INSERT INTO public.choices OVERRIDING SYSTEM VALUE VALUES (18, 'Bundle of 3', NULL, 8233.39999999999964, '2025-04-30 14:52:00.492552+00', 4);
INSERT INTO public.choices OVERRIDING SYSTEM VALUE VALUES (19, 'Bundle of 3', NULL, 5049.10000000000036, '2025-04-30 14:57:02.144016+00', 4);
INSERT INTO public.choices OVERRIDING SYSTEM VALUE VALUES (20, 'Bundle of 3', NULL, 6959.39999999999964, '2025-04-30 16:44:48.567907+00', 4);
INSERT INTO public.choices OVERRIDING SYSTEM VALUE VALUES (21, 'Bundle of 3', NULL, 6959.39999999999964, '2025-04-30 16:53:51.774854+00', 4);
INSERT INTO public.choices OVERRIDING SYSTEM VALUE VALUES (22, 'Bundle of 3', NULL, 6959.39999999999964, '2025-04-30 16:54:57.474842+00', 4);
INSERT INTO public.choices OVERRIDING SYSTEM VALUE VALUES (23, 'Bundle of 3', NULL, 6978.30000000000018, '2025-05-10 13:44:11.045639+00', 4);
INSERT INTO public.choices OVERRIDING SYSTEM VALUE VALUES (24, 'Bundle of 3', NULL, 2951.90000000000009, '2025-05-13 13:53:12.822368+00', 5);
INSERT INTO public.choices OVERRIDING SYSTEM VALUE VALUES (25, 'Bundle of 3', NULL, 4107.60000000000036, '2025-05-20 19:55:37.304856+00', 5);
INSERT INTO public.choices OVERRIDING SYSTEM VALUE VALUES (26, 'Bundle of 3', NULL, 2847.59999999999991, '2025-06-03 12:22:32.743321+00', 3);
INSERT INTO public.choices OVERRIDING SYSTEM VALUE VALUES (27, 'Bundle of 3', NULL, 4903.5, '2025-06-05 09:56:17.627892+00', 3);
INSERT INTO public.choices OVERRIDING SYSTEM VALUE VALUES (28, 'Bundle of 3', NULL, 56186.1999999999971, '2025-06-13 06:40:27.446108+00', 3);


--
-- Data for Name: contacts; Type: TABLE DATA; Schema: public; Owner: yastvanu
--

INSERT INTO public.contacts OVERRIDING SYSTEM VALUE VALUES (1, '2025-04-14 11:02:29.307972+00', 4, 'I love these products thanks', 4, false, true);
INSERT INTO public.contacts OVERRIDING SYSTEM VALUE VALUES (2, '2025-04-14 11:55:22.016595+00', 2, 'Can i change my Shipping address after my item has already been shipped? please help', 2, true, true);
INSERT INTO public.contacts OVERRIDING SYSTEM VALUE VALUES (3, '2025-04-15 09:48:54.349022+00', 8, 'Help My payment status is still yet to be confirmed', 4, true, true);
INSERT INTO public.contacts OVERRIDING SYSTEM VALUE VALUES (4, '2025-05-01 13:21:53.351867+00', 2, 'Can I speed up my Item delivery?', 4, false, false);


--
-- Data for Name: coupons; Type: TABLE DATA; Schema: public; Owner: yastvanu
--

INSERT INTO public.coupons OVERRIDING SYSTEM VALUE VALUES (1, '2025-05-16 15:43:29+00', 5, 'Off on all Cardigan', '2000', 'USHOPCARDIGAN', 9, 2);
INSERT INTO public.coupons OVERRIDING SYSTEM VALUE VALUES (2, '2025-05-16 16:00:02+00', 2, 'Gucci Suit N1500 Coupon', '1500', 'USHOPGGSUIT', 12, 1);


--
-- Data for Name: customers; Type: TABLE DATA; Schema: public; Owner: yastvanu
--

INSERT INTO public.customers VALUES (1, '2025-03-30 11:09:15+00', 'Kelly Travis', 'kellyjtravis@gmail.com', '123456789', 'Nigeria', 'Apapa', '+2348155762456', '10 ijoba orun street off AP filling station', 'customers/th.jpeg', NULL, NULL, NULL, NULL, 'Lagos State');
INSERT INTO public.customers VALUES (2, '2025-04-04 15:46:40.547953+00', 'Morayo Otun', 'demail04@gmail.com', '123456789', 'Nigeria', 'Ikoyi', '+2347966374511', '10 Olaniyi Street Ikoyi', NULL, NULL, NULL, NULL, NULL, 'Abuja');
INSERT INTO public.customers VALUES (3, '2025-04-04 16:36:56.51139+00', 'David Jonah', 'djonah04@gmail.com', NULL, 'Nigeria', 'Lekki', '+2348167462391', '10 Lai Yusuf Crescent Lekki', 'customers/me2.jpg', NULL, NULL, 'supabase', NULL, 'Lagos State');
INSERT INTO public.customers VALUES (4, '2025-04-04 18:00:28.908314+00', 'Chloe Vincent', 'vincentchloe11@gmail.com', NULL, 'Nigeria', 'Yaba', '+2349055678355', '10 joseph street alagbon', 'customers/chvin.jpg', NULL, NULL, 'supabase', NULL, 'Lagos State');
INSERT INTO public.customers VALUES (5, '2025-05-10 17:05:06.193625+00', 'Cane Yaman', 'canyaman6793@gmail.com', NULL, 'Nigeria', 'Mushin', '09153672362', '19 Kelogs street, aguda round about', 'customers/IMG_6322.jpeg', NULL, NULL, 'supabase', NULL, 'Lagos State');
INSERT INTO public.customers VALUES (7, '2025-07-22 17:55:49.16402+00', 'Zara Anthony', 'zarauyai@gmail.com', NULL, 'Nigeria', 'Ikeja', '08124732960', '2B Food street', 'customers/IMG_6649.jpeg', NULL, NULL, 'google', '02bac992-66ac-4c0c-a55b-009e0e89bb0a', 'Lagos State');
INSERT INTO public.customers VALUES (8, '2025-07-22 17:59:31.71898+00', 'David Utibe', 'dutibe@annhurst-gsl.com', NULL, 'Nigeria', 'Badagry', '+2349023638164', '12 main jump street', 'customers/pit.jpg', NULL, NULL, 'google', 'eee6b31d-6279-47b2-9d8a-85bbf3786907', 'Lagos State');


--
-- Data for Name: feedbacks; Type: TABLE DATA; Schema: public; Owner: yastvanu
--

INSERT INTO public.feedbacks OVERRIDING SYSTEM VALUE VALUES (1, 31, 12, 4, 'My Boyfriend loved it. UShop you''re the Best!!!', '2025-05-09 14:59:41.368935+00', 3);
INSERT INTO public.feedbacks OVERRIDING SYSTEM VALUE VALUES (2, 31, 13, 3, 'Beautiful', '2025-05-09 14:59:41.368935+00', 3);
INSERT INTO public.feedbacks OVERRIDING SYSTEM VALUE VALUES (3, 31, NULL, 4, 'Best customer Service', '2025-05-09 14:59:41.734527+00', 1);
INSERT INTO public.feedbacks OVERRIDING SYSTEM VALUE VALUES (4, 33, 15, 3, 'Beautiful Texture', '2025-05-09 17:50:19.588256+00', 3);
INSERT INTO public.feedbacks OVERRIDING SYSTEM VALUE VALUES (5, 33, 16, 4, 'Lovely Heels', '2025-05-09 17:50:19.588256+00', 3);
INSERT INTO public.feedbacks OVERRIDING SYSTEM VALUE VALUES (6, 33, 17, 4, 'I''m Feeling it.', '2025-05-09 17:50:19.588256+00', 3);
INSERT INTO public.feedbacks OVERRIDING SYSTEM VALUE VALUES (7, 33, 18, 4, 'I love This Cardigan', '2025-05-09 17:50:19.588256+00', 3);
INSERT INTO public.feedbacks OVERRIDING SYSTEM VALUE VALUES (8, 33, NULL, 5, 'Nice Customer service 100%', '2025-05-09 17:50:19.829456+00', 2);
INSERT INTO public.feedbacks OVERRIDING SYSTEM VALUE VALUES (9, 53, 46, 5, 'Slick. Product as Described', '2025-05-13 14:22:38.826933+00', 3);
INSERT INTO public.feedbacks OVERRIDING SYSTEM VALUE VALUES (10, 53, 47, 4, 'Nice Cardigan', '2025-05-13 14:22:38.826933+00', 3);
INSERT INTO public.feedbacks OVERRIDING SYSTEM VALUE VALUES (11, 53, 48, 5, 'My Woman Loves it. It''s beautiful', '2025-05-13 14:22:38.826933+00', 3);
INSERT INTO public.feedbacks OVERRIDING SYSTEM VALUE VALUES (12, 53, NULL, 5, 'Fast Delivery. I love it', '2025-05-13 14:22:40.380603+00', 1);
INSERT INTO public.feedbacks OVERRIDING SYSTEM VALUE VALUES (13, 54, 49, 4, 'Perfect Fit. Exactly as described', '2025-05-13 14:43:18.31433+00', 3);
INSERT INTO public.feedbacks OVERRIDING SYSTEM VALUE VALUES (14, 54, NULL, 4, 'Swift follow up', '2025-05-13 14:43:20.368485+00', 2);


--
-- Data for Name: feedtype; Type: TABLE DATA; Schema: public; Owner: yastvanu
--

INSERT INTO public.feedtype OVERRIDING SYSTEM VALUE VALUES (1, '2025-04-14 15:33:13.221736+00', 'Shipping Feedback');
INSERT INTO public.feedtype OVERRIDING SYSTEM VALUE VALUES (2, '2025-04-14 15:33:31.458559+00', 'Customer Service');
INSERT INTO public.feedtype OVERRIDING SYSTEM VALUE VALUES (3, '2025-04-14 15:33:53.244247+00', 'Product Review');


--
-- Data for Name: manufacturers; Type: TABLE DATA; Schema: public; Owner: yastvanu
--

INSERT INTO public.manufacturers OVERRIDING SYSTEM VALUE VALUES (1, '2025-03-30 23:36:05+00', 'Versace', true, 'manufacturers/versace.png');
INSERT INTO public.manufacturers OVERRIDING SYSTEM VALUE VALUES (2, '2025-04-06 15:46:13+00', 'Gucci', true, 'manufacturers/gucci.png');
INSERT INTO public.manufacturers OVERRIDING SYSTEM VALUE VALUES (3, '2025-04-07 16:19:38.62147+00', 'Lacoste', true, 'manufacturers/lacost.png');
INSERT INTO public.manufacturers OVERRIDING SYSTEM VALUE VALUES (4, '2025-04-08 12:42:37.046171+00', 'Louis Vuitton', true, 'manufacturers/lv.png');
INSERT INTO public.manufacturers OVERRIDING SYSTEM VALUE VALUES (5, '2025-04-08 13:59:19.227001+00', 'Philipp Plein', true, 'manufacturers/pp.png');


--
-- Data for Name: order_items; Type: TABLE DATA; Schema: public; Owner: yastvanu
--

INSERT INTO public.order_items OVERRIDING SYSTEM VALUE VALUES (5, 28, 8, 1, 'Default');
INSERT INTO public.order_items OVERRIDING SYSTEM VALUE VALUES (6, 28, 4, 1, 'Default');
INSERT INTO public.order_items OVERRIDING SYSTEM VALUE VALUES (7, 28, 5, 1, 'Default');
INSERT INTO public.order_items OVERRIDING SYSTEM VALUE VALUES (8, 29, 11, 1, 'Default');
INSERT INTO public.order_items OVERRIDING SYSTEM VALUE VALUES (9, 29, 7, 1, 'Default');
INSERT INTO public.order_items OVERRIDING SYSTEM VALUE VALUES (10, 29, 2, 1, 'Default');
INSERT INTO public.order_items OVERRIDING SYSTEM VALUE VALUES (11, 30, 1, 2, 'Default');
INSERT INTO public.order_items OVERRIDING SYSTEM VALUE VALUES (12, 31, 9, 1, 'Default');
INSERT INTO public.order_items OVERRIDING SYSTEM VALUE VALUES (13, 31, 6, 1, 'Default');
INSERT INTO public.order_items OVERRIDING SYSTEM VALUE VALUES (14, 32, 2, 1, 'Default');
INSERT INTO public.order_items OVERRIDING SYSTEM VALUE VALUES (15, 33, 5, 1, 'Default');
INSERT INTO public.order_items OVERRIDING SYSTEM VALUE VALUES (16, 33, 10, 1, 'Default');
INSERT INTO public.order_items OVERRIDING SYSTEM VALUE VALUES (17, 33, 4, 1, 'Default');
INSERT INTO public.order_items OVERRIDING SYSTEM VALUE VALUES (18, 33, 3, 1, 'Default');
INSERT INTO public.order_items OVERRIDING SYSTEM VALUE VALUES (19, 34, 2, 1, 'Default');
INSERT INTO public.order_items OVERRIDING SYSTEM VALUE VALUES (23, 43, 9, 1, NULL);
INSERT INTO public.order_items OVERRIDING SYSTEM VALUE VALUES (24, 43, 2, 1, NULL);
INSERT INTO public.order_items OVERRIDING SYSTEM VALUE VALUES (25, 43, 5, 1, NULL);
INSERT INTO public.order_items OVERRIDING SYSTEM VALUE VALUES (26, 44, 11, 1, 'default');
INSERT INTO public.order_items OVERRIDING SYSTEM VALUE VALUES (27, 44, 10, 1, 'default');
INSERT INTO public.order_items OVERRIDING SYSTEM VALUE VALUES (28, 44, 9, 1, 'default');
INSERT INTO public.order_items OVERRIDING SYSTEM VALUE VALUES (29, 45, 11, 1, 'default');
INSERT INTO public.order_items OVERRIDING SYSTEM VALUE VALUES (30, 45, 10, 1, 'default');
INSERT INTO public.order_items OVERRIDING SYSTEM VALUE VALUES (31, 45, 9, 1, 'default');
INSERT INTO public.order_items OVERRIDING SYSTEM VALUE VALUES (33, 47, 1, 1, 'default');
INSERT INTO public.order_items OVERRIDING SYSTEM VALUE VALUES (34, 47, 2, 1, 'default');
INSERT INTO public.order_items OVERRIDING SYSTEM VALUE VALUES (35, 47, 3, 1, 'default');
INSERT INTO public.order_items OVERRIDING SYSTEM VALUE VALUES (36, 48, 8, 1, 'default');
INSERT INTO public.order_items OVERRIDING SYSTEM VALUE VALUES (37, 48, 9, 1, 'default');
INSERT INTO public.order_items OVERRIDING SYSTEM VALUE VALUES (38, 48, 7, 1, 'default');
INSERT INTO public.order_items OVERRIDING SYSTEM VALUE VALUES (39, 49, 9, 1, 'Default');
INSERT INTO public.order_items OVERRIDING SYSTEM VALUE VALUES (44, 52, 6, 1, 'default');
INSERT INTO public.order_items OVERRIDING SYSTEM VALUE VALUES (45, 52, 5, 1, 'default');
INSERT INTO public.order_items OVERRIDING SYSTEM VALUE VALUES (46, 53, 6, 1, 'default');
INSERT INTO public.order_items OVERRIDING SYSTEM VALUE VALUES (47, 53, 7, 1, 'default');
INSERT INTO public.order_items OVERRIDING SYSTEM VALUE VALUES (48, 53, 4, 1, 'default');
INSERT INTO public.order_items OVERRIDING SYSTEM VALUE VALUES (49, 54, 5, 1, 'Default');
INSERT INTO public.order_items OVERRIDING SYSTEM VALUE VALUES (50, 55, 5, 1, 'Default');
INSERT INTO public.order_items OVERRIDING SYSTEM VALUE VALUES (51, 56, 5, 1, 'Default');
INSERT INTO public.order_items OVERRIDING SYSTEM VALUE VALUES (52, 56, 4, 1, 'Default');
INSERT INTO public.order_items OVERRIDING SYSTEM VALUE VALUES (53, 57, 2, 1, 'Default');
INSERT INTO public.order_items OVERRIDING SYSTEM VALUE VALUES (54, 58, 7, 1, 'Default');
INSERT INTO public.order_items OVERRIDING SYSTEM VALUE VALUES (55, 58, 5, 1, 'default');
INSERT INTO public.order_items OVERRIDING SYSTEM VALUE VALUES (56, 58, 6, 1, 'default');
INSERT INTO public.order_items OVERRIDING SYSTEM VALUE VALUES (57, 58, 10, 1, 'default');
INSERT INTO public.order_items OVERRIDING SYSTEM VALUE VALUES (58, 59, 8, 1, 'Default');
INSERT INTO public.order_items OVERRIDING SYSTEM VALUE VALUES (59, 60, 3, 1, 'Default');
INSERT INTO public.order_items OVERRIDING SYSTEM VALUE VALUES (60, 61, 10, 1, 'Default');
INSERT INTO public.order_items OVERRIDING SYSTEM VALUE VALUES (61, 62, 7, 1, 'Default');


--
-- Data for Name: order_status_history; Type: TABLE DATA; Schema: public; Owner: yastvanu
--

INSERT INTO public.order_status_history OVERRIDING SYSTEM VALUE VALUES (18, 28, 'Pending', '2025-04-24 17:15:16.592026+00');
INSERT INTO public.order_status_history OVERRIDING SYSTEM VALUE VALUES (19, 28, 'Paid', '2025-04-24 23:23:12.366395+00');
INSERT INTO public.order_status_history OVERRIDING SYSTEM VALUE VALUES (20, 29, 'Pending', '2025-04-24 23:25:38.206917+00');
INSERT INTO public.order_status_history OVERRIDING SYSTEM VALUE VALUES (21, 30, 'Pending', '2025-04-24 23:27:19.066438+00');
INSERT INTO public.order_status_history OVERRIDING SYSTEM VALUE VALUES (22, 30, 'Paid', '2025-04-24 23:28:39.685158+00');
INSERT INTO public.order_status_history OVERRIDING SYSTEM VALUE VALUES (23, 31, 'Pending', '2025-04-24 23:32:02.404761+00');
INSERT INTO public.order_status_history OVERRIDING SYSTEM VALUE VALUES (24, 32, 'Pending', '2025-04-24 23:32:50.864475+00');
INSERT INTO public.order_status_history OVERRIDING SYSTEM VALUE VALUES (25, 31, 'Paid', '2025-04-24 23:34:00.453322+00');
INSERT INTO public.order_status_history OVERRIDING SYSTEM VALUE VALUES (26, 33, 'Pending', '2025-04-24 23:37:24.992564+00');
INSERT INTO public.order_status_history OVERRIDING SYSTEM VALUE VALUES (27, 34, 'Pending', '2025-04-24 23:38:28.1558+00');
INSERT INTO public.order_status_history OVERRIDING SYSTEM VALUE VALUES (28, 33, 'Paid', '2025-04-24 23:39:44.022361+00');
INSERT INTO public.order_status_history OVERRIDING SYSTEM VALUE VALUES (29, 30, 'Payment confirmed', '2025-04-24 23:41:46.407928+00');
INSERT INTO public.order_status_history OVERRIDING SYSTEM VALUE VALUES (30, 33, 'Payment confirmed', '2025-04-24 23:41:57.278381+00');
INSERT INTO public.order_status_history OVERRIDING SYSTEM VALUE VALUES (31, 31, 'Payment confirmed', '2025-04-24 23:43:58.987241+00');
INSERT INTO public.order_status_history OVERRIDING SYSTEM VALUE VALUES (32, 33, 'Waiting to be Shipped', '2025-04-24 23:45:09.676502+00');
INSERT INTO public.order_status_history OVERRIDING SYSTEM VALUE VALUES (40, 43, 'Pending', '2025-04-29 21:06:23.424554+00');
INSERT INTO public.order_status_history OVERRIDING SYSTEM VALUE VALUES (41, 43, 'Paid', '2025-04-29 22:09:11.944124+00');
INSERT INTO public.order_status_history OVERRIDING SYSTEM VALUE VALUES (42, 28, 'Payment confirmed', '2025-04-30 09:52:11.699132+00');
INSERT INTO public.order_status_history OVERRIDING SYSTEM VALUE VALUES (43, 31, 'Waiting to be Shipped', '2025-04-30 09:52:29.147068+00');
INSERT INTO public.order_status_history OVERRIDING SYSTEM VALUE VALUES (44, 33, 'Shipped', '2025-04-30 09:56:24.698035+00');
INSERT INTO public.order_status_history OVERRIDING SYSTEM VALUE VALUES (45, 43, 'Payment confirmed', '2025-04-30 09:57:04.711372+00');
INSERT INTO public.order_status_history OVERRIDING SYSTEM VALUE VALUES (46, 30, 'Waiting to be Shipped', '2025-04-30 10:05:13.530181+00');
INSERT INTO public.order_status_history OVERRIDING SYSTEM VALUE VALUES (47, 44, 'Pending', '2025-04-30 10:36:58.571847+00');
INSERT INTO public.order_status_history OVERRIDING SYSTEM VALUE VALUES (48, 45, 'Pending', '2025-04-30 11:23:53.793326+00');
INSERT INTO public.order_status_history OVERRIDING SYSTEM VALUE VALUES (49, 47, 'Pending', '2025-04-30 11:43:11.120662+00');
INSERT INTO public.order_status_history OVERRIDING SYSTEM VALUE VALUES (50, 48, 'Pending', '2025-04-30 12:01:28.839204+00');
INSERT INTO public.order_status_history OVERRIDING SYSTEM VALUE VALUES (51, 49, 'Pending', '2025-04-30 12:11:28.214303+00');
INSERT INTO public.order_status_history OVERRIDING SYSTEM VALUE VALUES (52, 52, 'Pending', '2025-04-30 12:48:59.987281+00');
INSERT INTO public.order_status_history OVERRIDING SYSTEM VALUE VALUES (53, 31, 'Shipped', '2025-05-02 08:50:09.18951+00');
INSERT INTO public.order_status_history OVERRIDING SYSTEM VALUE VALUES (54, 43, 'Waiting to be Shipped', '2025-05-02 08:50:35.635311+00');
INSERT INTO public.order_status_history OVERRIDING SYSTEM VALUE VALUES (55, 33, 'Out for delivery', '2025-05-02 08:50:57.959258+00');
INSERT INTO public.order_status_history OVERRIDING SYSTEM VALUE VALUES (56, 48, 'Paid', '2025-05-02 09:51:50.586336+00');
INSERT INTO public.order_status_history OVERRIDING SYSTEM VALUE VALUES (57, 31, 'Out for delivery', '2025-05-02 16:23:24.517969+00');
INSERT INTO public.order_status_history OVERRIDING SYSTEM VALUE VALUES (58, 31, 'Delivered', '2025-05-02 16:35:22.131751+00');
INSERT INTO public.order_status_history OVERRIDING SYSTEM VALUE VALUES (59, 31, 'COMPLETED', '2025-05-02 16:39:02.389773+00');
INSERT INTO public.order_status_history OVERRIDING SYSTEM VALUE VALUES (60, 33, 'Delivered', '2025-05-09 16:44:00.537217+00');
INSERT INTO public.order_status_history OVERRIDING SYSTEM VALUE VALUES (61, 48, 'Payment confirmed', '2025-05-09 16:44:15.580661+00');
INSERT INTO public.order_status_history OVERRIDING SYSTEM VALUE VALUES (62, 33, 'COMPLETED', '2025-05-09 16:46:19.865933+00');
INSERT INTO public.order_status_history OVERRIDING SYSTEM VALUE VALUES (63, 53, 'Pending', '2025-05-13 13:53:55.740145+00');
INSERT INTO public.order_status_history OVERRIDING SYSTEM VALUE VALUES (64, 53, 'Paid', '2025-05-13 13:55:18.139691+00');
INSERT INTO public.order_status_history OVERRIDING SYSTEM VALUE VALUES (65, 53, 'Payment confirmed', '2025-05-13 13:58:21.570186+00');
INSERT INTO public.order_status_history OVERRIDING SYSTEM VALUE VALUES (66, 53, 'Waiting to be Shipped', '2025-05-13 14:16:06.924711+00');
INSERT INTO public.order_status_history OVERRIDING SYSTEM VALUE VALUES (67, 53, 'Shipped', '2025-05-13 14:16:49.234254+00');
INSERT INTO public.order_status_history OVERRIDING SYSTEM VALUE VALUES (68, 53, 'Out for delivery', '2025-05-13 14:17:31.632367+00');
INSERT INTO public.order_status_history OVERRIDING SYSTEM VALUE VALUES (69, 53, 'Delivered', '2025-05-13 14:18:33.08585+00');
INSERT INTO public.order_status_history OVERRIDING SYSTEM VALUE VALUES (70, 53, 'COMPLETED', '2025-05-13 14:19:22.276102+00');
INSERT INTO public.order_status_history OVERRIDING SYSTEM VALUE VALUES (71, 54, 'Pending', '2025-05-13 14:35:22.44231+00');
INSERT INTO public.order_status_history OVERRIDING SYSTEM VALUE VALUES (72, 54, 'Paid', '2025-05-13 14:36:15.764884+00');
INSERT INTO public.order_status_history OVERRIDING SYSTEM VALUE VALUES (73, 54, 'Payment confirmed', '2025-05-13 14:37:08.596677+00');
INSERT INTO public.order_status_history OVERRIDING SYSTEM VALUE VALUES (74, 54, 'Waiting to be Shipped', '2025-05-13 14:37:37.683355+00');
INSERT INTO public.order_status_history OVERRIDING SYSTEM VALUE VALUES (75, 54, 'Shipped', '2025-05-13 14:38:03.440993+00');
INSERT INTO public.order_status_history OVERRIDING SYSTEM VALUE VALUES (76, 54, 'Out for delivery', '2025-05-13 14:38:48.525268+00');
INSERT INTO public.order_status_history OVERRIDING SYSTEM VALUE VALUES (77, 54, 'Delivered', '2025-05-13 14:39:38.686827+00');
INSERT INTO public.order_status_history OVERRIDING SYSTEM VALUE VALUES (78, 54, 'COMPLETED', '2025-05-13 14:41:04.068845+00');
INSERT INTO public.order_status_history OVERRIDING SYSTEM VALUE VALUES (79, 55, 'Pending', '2025-05-16 15:51:52.990751+00');
INSERT INTO public.order_status_history OVERRIDING SYSTEM VALUE VALUES (80, 56, 'Pending', '2025-05-16 15:57:14.190794+00');
INSERT INTO public.order_status_history OVERRIDING SYSTEM VALUE VALUES (81, 57, 'Pending', '2025-05-16 16:03:56.352366+00');
INSERT INTO public.order_status_history OVERRIDING SYSTEM VALUE VALUES (82, 28, 'Waiting to be Shipped', '2025-06-02 09:58:30.074482+00');
INSERT INTO public.order_status_history OVERRIDING SYSTEM VALUE VALUES (83, 52, 'Paid', '2025-06-04 20:57:04.615774+00');
INSERT INTO public.order_status_history OVERRIDING SYSTEM VALUE VALUES (84, 34, 'Paid', '2025-06-04 20:58:36.787744+00');
INSERT INTO public.order_status_history OVERRIDING SYSTEM VALUE VALUES (85, 52, 'Payment confirmed', '2025-06-04 21:05:49.745741+00');
INSERT INTO public.order_status_history OVERRIDING SYSTEM VALUE VALUES (86, 48, 'Waiting to be Shipped', '2025-06-04 21:05:57.305155+00');
INSERT INTO public.order_status_history OVERRIDING SYSTEM VALUE VALUES (87, 43, 'Shipped', '2025-06-04 21:06:04.905667+00');
INSERT INTO public.order_status_history OVERRIDING SYSTEM VALUE VALUES (88, 34, 'Payment confirmed', '2025-06-04 21:06:11.548482+00');
INSERT INTO public.order_status_history OVERRIDING SYSTEM VALUE VALUES (89, 30, 'Shipped', '2025-06-04 21:06:19.28188+00');
INSERT INTO public.order_status_history OVERRIDING SYSTEM VALUE VALUES (90, 28, 'Shipped', '2025-06-04 21:06:30.26278+00');
INSERT INTO public.order_status_history OVERRIDING SYSTEM VALUE VALUES (91, 52, 'Waiting to be Shipped', '2025-06-05 10:04:32.354367+00');
INSERT INTO public.order_status_history OVERRIDING SYSTEM VALUE VALUES (92, 48, 'Shipped', '2025-06-05 10:04:48.81008+00');
INSERT INTO public.order_status_history OVERRIDING SYSTEM VALUE VALUES (93, 30, 'Out for delivery', '2025-06-05 10:05:58.718711+00');
INSERT INTO public.order_status_history OVERRIDING SYSTEM VALUE VALUES (94, 28, 'Out for delivery', '2025-06-05 10:06:09.271467+00');
INSERT INTO public.order_status_history OVERRIDING SYSTEM VALUE VALUES (95, 34, 'Waiting to be Shipped', '2025-06-05 10:06:19.045315+00');
INSERT INTO public.order_status_history OVERRIDING SYSTEM VALUE VALUES (96, 48, 'Out for delivery', '2025-06-05 10:08:25.20174+00');
INSERT INTO public.order_status_history OVERRIDING SYSTEM VALUE VALUES (97, 48, 'Delivered', '2025-06-05 10:09:10.504932+00');
INSERT INTO public.order_status_history OVERRIDING SYSTEM VALUE VALUES (98, 58, 'Pending', '2025-06-09 10:21:39.433484+00');
INSERT INTO public.order_status_history OVERRIDING SYSTEM VALUE VALUES (99, 59, 'Pending', '2025-06-09 10:22:17.114973+00');
INSERT INTO public.order_status_history OVERRIDING SYSTEM VALUE VALUES (100, 60, 'Pending', '2025-06-09 10:25:00.196891+00');
INSERT INTO public.order_status_history OVERRIDING SYSTEM VALUE VALUES (101, 61, 'Pending', '2025-06-09 11:02:21.96262+00');
INSERT INTO public.order_status_history OVERRIDING SYSTEM VALUE VALUES (102, 62, 'Pending', '2025-06-09 11:03:07.147383+00');


--
-- Data for Name: orders; Type: TABLE DATA; Schema: public; Owner: yastvanu
--

INSERT INTO public.orders OVERRIDING SYSTEM VALUE VALUES (28, '2025-04-24 17:15:12.540943+00', 1, 7005, 361512162012, 'OUT FOR DELIVERY', '2025-04-24 17:15:08.858+00', false);
INSERT INTO public.orders OVERRIDING SYSTEM VALUE VALUES (29, '2025-04-24 23:25:34.370586+00', 1, 8972, 295649092389, 'Pending', '2025-04-24 23:25:30.175+00', false);
INSERT INTO public.orders OVERRIDING SYSTEM VALUE VALUES (30, '2025-04-24 23:27:17.29708+00', 1, 2440, 120364029237, 'OUT FOR DELIVERY', '2025-04-24 23:27:13.27+00', false);
INSERT INTO public.orders OVERRIDING SYSTEM VALUE VALUES (31, '2025-04-24 23:31:59.99733+00', 3, 6591, 730200670537, 'COMPLETED', '2025-04-24 23:31:55.964+00', true);
INSERT INTO public.orders OVERRIDING SYSTEM VALUE VALUES (32, '2025-04-24 23:32:49.183303+00', 3, 5111, 617659369561, 'Pending', '2025-04-24 23:32:45.147+00', false);
INSERT INTO public.orders OVERRIDING SYSTEM VALUE VALUES (33, '2025-04-24 23:37:21.021+00', 4, 6545, 331476378869, 'COMPLETED', '2025-04-24 23:37:16.972+00', true);
INSERT INTO public.orders OVERRIDING SYSTEM VALUE VALUES (34, '2025-04-24 23:38:26.486639+00', 4, 5111, 770127594454, 'WAITING TO BE SHIPPED', '2025-04-24 23:38:22.452+00', false);
INSERT INTO public.orders OVERRIDING SYSTEM VALUE VALUES (43, '2025-04-29 21:06:18.30113+00', 1, 11755, 917670765836, 'SHIPPED', '2025-04-29 21:06:14.664+00', false);
INSERT INTO public.orders OVERRIDING SYSTEM VALUE VALUES (44, '2025-04-30 10:36:53.030026+00', 3, 5900, 865706918037, 'Pending', '2025-04-30 10:36:47.349+00', false);
INSERT INTO public.orders OVERRIDING SYSTEM VALUE VALUES (45, '2025-04-30 11:23:50.649111+00', 3, 5900, 551830932081, 'Pending', '2025-04-30 11:23:46.279+00', false);
INSERT INTO public.orders OVERRIDING SYSTEM VALUE VALUES (47, '2025-04-30 11:42:55.201227+00', 3, 6772, 154793869212, 'Pending', '2025-04-30 11:42:50.706+00', false);
INSERT INTO public.orders OVERRIDING SYSTEM VALUE VALUES (48, '2025-04-30 12:01:06.041137+00', 3, 10192, 971851071895, 'DELIVERED', '2025-04-30 12:01:01.539+00', false);
INSERT INTO public.orders OVERRIDING SYSTEM VALUE VALUES (49, '2025-04-30 12:11:25.653339+00', 4, 6312, 508634646084, 'Pending', '2025-04-30 12:11:21.248+00', false);
INSERT INTO public.orders OVERRIDING SYSTEM VALUE VALUES (52, '2025-04-30 12:48:55.057973+00', 4, 5493, 577692279274, 'WAITING TO BE SHIPPED', '2025-04-30 12:48:50.431+00', false);
INSERT INTO public.orders OVERRIDING SYSTEM VALUE VALUES (53, '2025-05-13 13:53:51.591512+00', 5, 3374, 579635617110, 'COMPLETED', '2025-05-13 13:53:50.25+00', true);
INSERT INTO public.orders OVERRIDING SYSTEM VALUE VALUES (54, '2025-05-13 14:35:20.481462+00', 5, 3271, 109200344645, 'COMPLETED', '2025-05-13 14:35:19.246+00', true);
INSERT INTO public.orders OVERRIDING SYSTEM VALUE VALUES (55, '2025-05-16 15:51:50.236443+00', 1, 3151, 638291998047, 'Pending', '2025-05-16 15:51:49.538+00', false);
INSERT INTO public.orders OVERRIDING SYSTEM VALUE VALUES (56, '2025-05-16 15:57:11.012351+00', 1, 1893, 379154942665, 'Pending', '2025-05-16 15:57:10.409+00', false);
INSERT INTO public.orders OVERRIDING SYSTEM VALUE VALUES (57, '2025-05-16 16:03:54.416658+00', 1, 3611, 410798534236, 'Pending', '2025-05-16 16:03:53.851+00', false);
INSERT INTO public.orders OVERRIDING SYSTEM VALUE VALUES (58, '2025-06-09 10:21:34.173066+00', 3, 6570, 202883261762, 'Pending', '2025-06-09 10:21:30.079+00', false);
INSERT INTO public.orders OVERRIDING SYSTEM VALUE VALUES (59, '2025-06-09 10:22:14.587513+00', 1, 86263, 904056414582, 'Pending', '2025-06-09 10:22:10.497+00', false);
INSERT INTO public.orders OVERRIDING SYSTEM VALUE VALUES (60, '2025-06-09 10:24:58.289869+00', 1, 21340, 895586977234, 'Pending', '2025-06-09 10:24:54.404+00', false);
INSERT INTO public.orders OVERRIDING SYSTEM VALUE VALUES (61, '2025-06-09 11:02:19.364886+00', 3, 9842, 383957463451, 'Pending', '2025-06-09 11:02:19.108+00', false);
INSERT INTO public.orders OVERRIDING SYSTEM VALUE VALUES (62, '2025-06-09 11:03:05.286521+00', 3, 78217, 422125241750, 'Pending', '2025-06-09 11:03:05.186+00', false);


--
-- Data for Name: payments; Type: TABLE DATA; Schema: public; Owner: yastvanu
--

INSERT INTO public.payments OVERRIDING SYSTEM VALUE VALUES (2, '2025-04-10 10:24:41.650364+00', 321290, 6312, 'offline', 12345678912345, 1, '2025-04-10T10:24:38.239Z');
INSERT INTO public.payments OVERRIDING SYSTEM VALUE VALUES (3, '2025-04-10 14:19:50.749103+00', 409076271909, 15333, 'offline', 987654321098, 3, '2025-04-10T14:19:47.209Z');
INSERT INTO public.payments OVERRIDING SYSTEM VALUE VALUES (4, '2025-04-10 22:03:50.812694+00', 357059977676, 1499, 'offline', 265423789102, 2, '2025-04-10T22:03:46.018Z');
INSERT INTO public.payments OVERRIDING SYSTEM VALUE VALUES (5, '2025-04-10 22:12:47.546138+00', 385770479156, 8223, 'offline', 2654237891083, 3, '2025-04-10T22:12:43.322Z');
INSERT INTO public.payments OVERRIDING SYSTEM VALUE VALUES (6, '2025-04-10 22:14:06.953519+00', 893827231315, 5111, 'offline', 2345678912347, 1, '2025-04-10T22:14:02.566Z');
INSERT INTO public.payments OVERRIDING SYSTEM VALUE VALUES (7, '2025-04-10 22:31:51.351458+00', 202284371510, 279, 'offline', 43215678997452, 3, '2025-04-10T22:31:46.855Z');
INSERT INTO public.payments OVERRIDING SYSTEM VALUE VALUES (8, '2025-04-17 16:50:18.584333+00', 815396729498, 2134, 'offline', 41840215678452, 4, '2025-04-17T16:50:15.581Z');
INSERT INTO public.payments OVERRIDING SYSTEM VALUE VALUES (9, '2025-04-22 17:47:36.612424+00', 545911852108, 5111, 'offline', 18621800215678, 4, '2025-04-22T17:47:33.224Z');
INSERT INTO public.payments OVERRIDING SYSTEM VALUE VALUES (10, '2025-04-24 23:23:10.854864+00', 361512162012, 7005, 'offline', 2345678912347, 4, '2025-04-24T23:23:06.400Z');
INSERT INTO public.payments OVERRIDING SYSTEM VALUE VALUES (11, '2025-04-24 23:28:38.616829+00', 120364029237, 2440, 'offline', 2654237891083, 3, '2025-04-24T23:28:34.340Z');
INSERT INTO public.payments OVERRIDING SYSTEM VALUE VALUES (12, '2025-04-24 23:33:59.358815+00', 730200670537, 6591, 'offline', 183676423780, 1, '2025-04-24T23:33:54.914Z');
INSERT INTO public.payments OVERRIDING SYSTEM VALUE VALUES (13, '2025-04-24 23:39:42.888198+00', 331476378869, 6545, 'offline', 264278280140, 2, '2025-04-24T23:39:38.416Z');
INSERT INTO public.payments OVERRIDING SYSTEM VALUE VALUES (14, '2025-04-29 22:09:10.208459+00', 917670765836, 11755, 'offline', 73102173674502, 3, '2025-04-29T22:09:05.977Z');
INSERT INTO public.payments OVERRIDING SYSTEM VALUE VALUES (15, '2025-05-02 09:51:49.022054+00', 971851071895, 10192, 'offline', 93702483603506, 3, '2025-05-02T09:51:48.000Z');
INSERT INTO public.payments OVERRIDING SYSTEM VALUE VALUES (16, '2025-05-13 13:55:16.925502+00', 579635617110, 3374, 'offline', 2654739105621, 3, '2025-05-13T13:55:15.250Z');
INSERT INTO public.payments OVERRIDING SYSTEM VALUE VALUES (17, '2025-05-13 14:36:14.45601+00', 109200344645, 3271, 'offline', 75319867102530, 4, '2025-05-13T14:36:12.939Z');
INSERT INTO public.payments OVERRIDING SYSTEM VALUE VALUES (18, '2025-06-04 20:57:02.845198+00', 577692279274, 5493, 'offline', 12505178531648, 3, '2025-06-04T20:57:02.353Z');
INSERT INTO public.payments OVERRIDING SYSTEM VALUE VALUES (19, '2025-06-04 20:58:35.279446+00', 770127594454, 5111, 'offline', 86420826428027, 2, '2025-06-04T20:58:34.952Z');


--
-- Data for Name: pending_order_items; Type: TABLE DATA; Schema: public; Owner: yastvanu
--

INSERT INTO public.pending_order_items OVERRIDING SYSTEM VALUE VALUES (1, 25, 8, 1, 'Default', 1);
INSERT INTO public.pending_order_items OVERRIDING SYSTEM VALUE VALUES (2, 25, 4, 1, 'Default', 1);
INSERT INTO public.pending_order_items OVERRIDING SYSTEM VALUE VALUES (3, 25, 5, 1, 'Default', 1);
INSERT INTO public.pending_order_items OVERRIDING SYSTEM VALUE VALUES (4, 26, 11, 1, 'Default', 2);
INSERT INTO public.pending_order_items OVERRIDING SYSTEM VALUE VALUES (5, 26, 7, 1, 'Default', 1);
INSERT INTO public.pending_order_items OVERRIDING SYSTEM VALUE VALUES (6, 26, 2, 1, 'Default', 1);
INSERT INTO public.pending_order_items OVERRIDING SYSTEM VALUE VALUES (7, 27, 1, 2, 'Default', 1);
INSERT INTO public.pending_order_items OVERRIDING SYSTEM VALUE VALUES (8, 28, 9, 1, 'Default', 1);
INSERT INTO public.pending_order_items OVERRIDING SYSTEM VALUE VALUES (9, 28, 6, 1, 'Default', 2);
INSERT INTO public.pending_order_items OVERRIDING SYSTEM VALUE VALUES (10, 29, 2, 1, 'Default', 1);
INSERT INTO public.pending_order_items OVERRIDING SYSTEM VALUE VALUES (11, 30, 5, 1, 'Default', 1);
INSERT INTO public.pending_order_items OVERRIDING SYSTEM VALUE VALUES (12, 30, 10, 1, 'Default', 2);
INSERT INTO public.pending_order_items OVERRIDING SYSTEM VALUE VALUES (13, 30, 4, 1, 'Default', 1);
INSERT INTO public.pending_order_items OVERRIDING SYSTEM VALUE VALUES (14, 30, 3, 1, 'Default', 1);
INSERT INTO public.pending_order_items OVERRIDING SYSTEM VALUE VALUES (15, 31, 2, 1, 'Default', 1);
INSERT INTO public.pending_order_items OVERRIDING SYSTEM VALUE VALUES (19, 40, 9, 1, NULL, 1);
INSERT INTO public.pending_order_items OVERRIDING SYSTEM VALUE VALUES (20, 40, 2, 1, NULL, 1);
INSERT INTO public.pending_order_items OVERRIDING SYSTEM VALUE VALUES (21, 40, 5, 1, NULL, 1);
INSERT INTO public.pending_order_items OVERRIDING SYSTEM VALUE VALUES (22, 41, 11, 1, 'default', 2);
INSERT INTO public.pending_order_items OVERRIDING SYSTEM VALUE VALUES (23, 41, 10, 1, 'default', 2);
INSERT INTO public.pending_order_items OVERRIDING SYSTEM VALUE VALUES (24, 41, 9, 1, 'default', 1);
INSERT INTO public.pending_order_items OVERRIDING SYSTEM VALUE VALUES (25, 42, 11, 1, 'default', 2);
INSERT INTO public.pending_order_items OVERRIDING SYSTEM VALUE VALUES (26, 42, 10, 1, 'default', 2);
INSERT INTO public.pending_order_items OVERRIDING SYSTEM VALUE VALUES (27, 42, 9, 1, 'default', 1);
INSERT INTO public.pending_order_items OVERRIDING SYSTEM VALUE VALUES (29, 44, 1, 1, 'default', 1);
INSERT INTO public.pending_order_items OVERRIDING SYSTEM VALUE VALUES (30, 44, 2, 1, 'default', 1);
INSERT INTO public.pending_order_items OVERRIDING SYSTEM VALUE VALUES (31, 44, 3, 1, 'default', 1);
INSERT INTO public.pending_order_items OVERRIDING SYSTEM VALUE VALUES (32, 45, 8, 1, 'default', 1);
INSERT INTO public.pending_order_items OVERRIDING SYSTEM VALUE VALUES (33, 45, 9, 1, 'default', 1);
INSERT INTO public.pending_order_items OVERRIDING SYSTEM VALUE VALUES (34, 45, 7, 1, 'default', 1);
INSERT INTO public.pending_order_items OVERRIDING SYSTEM VALUE VALUES (35, 46, 9, 1, 'Default', 1);
INSERT INTO public.pending_order_items OVERRIDING SYSTEM VALUE VALUES (36, 47, 7, 1, 'default', 1);
INSERT INTO public.pending_order_items OVERRIDING SYSTEM VALUE VALUES (37, 47, 6, 1, 'default', 2);
INSERT INTO public.pending_order_items OVERRIDING SYSTEM VALUE VALUES (38, 47, 5, 1, 'default', 1);
INSERT INTO public.pending_order_items OVERRIDING SYSTEM VALUE VALUES (39, 48, 6, 1, 'default', 2);
INSERT INTO public.pending_order_items OVERRIDING SYSTEM VALUE VALUES (40, 48, 7, 1, 'default', 1);
INSERT INTO public.pending_order_items OVERRIDING SYSTEM VALUE VALUES (41, 48, 4, 1, 'default', 1);
INSERT INTO public.pending_order_items OVERRIDING SYSTEM VALUE VALUES (42, 49, 5, 1, 'Default', 1);
INSERT INTO public.pending_order_items OVERRIDING SYSTEM VALUE VALUES (43, 50, 5, 1, 'Default', 1);
INSERT INTO public.pending_order_items OVERRIDING SYSTEM VALUE VALUES (44, 51, 5, 1, 'Default', 1);
INSERT INTO public.pending_order_items OVERRIDING SYSTEM VALUE VALUES (45, 51, 4, 1, 'Default', 1);
INSERT INTO public.pending_order_items OVERRIDING SYSTEM VALUE VALUES (46, 52, 2, 1, 'Default', 1);
INSERT INTO public.pending_order_items OVERRIDING SYSTEM VALUE VALUES (47, 53, 7, 1, 'Default', 1);
INSERT INTO public.pending_order_items OVERRIDING SYSTEM VALUE VALUES (48, 53, 5, 1, 'default', 1);
INSERT INTO public.pending_order_items OVERRIDING SYSTEM VALUE VALUES (49, 53, 6, 1, 'default', 2);
INSERT INTO public.pending_order_items OVERRIDING SYSTEM VALUE VALUES (50, 53, 10, 1, 'default', 2);
INSERT INTO public.pending_order_items OVERRIDING SYSTEM VALUE VALUES (51, 54, 8, 1, 'Default', 1);
INSERT INTO public.pending_order_items OVERRIDING SYSTEM VALUE VALUES (52, 55, 3, 1, 'Default', 1);
INSERT INTO public.pending_order_items OVERRIDING SYSTEM VALUE VALUES (53, 56, 10, 1, 'Default', 2);
INSERT INTO public.pending_order_items OVERRIDING SYSTEM VALUE VALUES (54, 57, 7, 1, 'Default', 1);


--
-- Data for Name: pending_orders; Type: TABLE DATA; Schema: public; Owner: yastvanu
--

INSERT INTO public.pending_orders OVERRIDING SYSTEM VALUE VALUES (25, '2025-04-24 17:15:13.2288+00', 1, 361512162012, 'OUT FOR DELIVERY', NULL);
INSERT INTO public.pending_orders OVERRIDING SYSTEM VALUE VALUES (26, '2025-04-24 23:25:35.040999+00', 1, 295649092389, 'Pending', NULL);
INSERT INTO public.pending_orders OVERRIDING SYSTEM VALUE VALUES (27, '2025-04-24 23:27:17.793522+00', 1, 120364029237, 'OUT FOR DELIVERY', NULL);
INSERT INTO public.pending_orders OVERRIDING SYSTEM VALUE VALUES (28, '2025-04-24 23:32:00.478694+00', 3, 730200670537, 'RECEIVED', NULL);
INSERT INTO public.pending_orders OVERRIDING SYSTEM VALUE VALUES (29, '2025-04-24 23:32:49.692397+00', 3, 617659369561, 'Pending', NULL);
INSERT INTO public.pending_orders OVERRIDING SYSTEM VALUE VALUES (30, '2025-04-24 23:37:21.532283+00', 4, 331476378869, 'RECEIVED', NULL);
INSERT INTO public.pending_orders OVERRIDING SYSTEM VALUE VALUES (31, '2025-04-24 23:38:27.050501+00', 4, 770127594454, 'WAITING TO BE SHIPPED', NULL);
INSERT INTO public.pending_orders OVERRIDING SYSTEM VALUE VALUES (40, '2025-04-29 21:06:19.177258+00', 1, 917670765836, 'SHIPPED', NULL);
INSERT INTO public.pending_orders OVERRIDING SYSTEM VALUE VALUES (41, '2025-04-30 10:36:55.290353+00', 3, 865706918037, 'Pending', NULL);
INSERT INTO public.pending_orders OVERRIDING SYSTEM VALUE VALUES (42, '2025-04-30 11:23:51.24132+00', 3, 551830932081, 'Pending', NULL);
INSERT INTO public.pending_orders OVERRIDING SYSTEM VALUE VALUES (44, '2025-04-30 11:43:01.37481+00', 3, 154793869212, 'Pending', NULL);
INSERT INTO public.pending_orders OVERRIDING SYSTEM VALUE VALUES (45, '2025-04-30 12:01:11.291931+00', 3, 971851071895, 'DELIVERED', NULL);
INSERT INTO public.pending_orders OVERRIDING SYSTEM VALUE VALUES (46, '2025-04-30 12:11:26.231103+00', 4, 508634646084, 'Pending', NULL);
INSERT INTO public.pending_orders OVERRIDING SYSTEM VALUE VALUES (47, '2025-04-30 12:48:56.09157+00', 4, 577692279274, 'WAITING TO BE SHIPPED', NULL);
INSERT INTO public.pending_orders OVERRIDING SYSTEM VALUE VALUES (48, '2025-05-13 13:53:52.315222+00', 5, 579635617110, 'RECEIVED', NULL);
INSERT INTO public.pending_orders OVERRIDING SYSTEM VALUE VALUES (49, '2025-05-13 14:35:21.034285+00', 5, 109200344645, 'RECEIVED', NULL);
INSERT INTO public.pending_orders OVERRIDING SYSTEM VALUE VALUES (50, '2025-05-16 15:51:51.004986+00', 1, 638291998047, 'Pending', NULL);
INSERT INTO public.pending_orders OVERRIDING SYSTEM VALUE VALUES (51, '2025-05-16 15:57:11.79042+00', 1, 379154942665, 'Pending', NULL);
INSERT INTO public.pending_orders OVERRIDING SYSTEM VALUE VALUES (52, '2025-05-16 16:03:54.993507+00', 1, 410798534236, 'Pending', NULL);
INSERT INTO public.pending_orders OVERRIDING SYSTEM VALUE VALUES (53, '2025-06-09 10:21:34.953625+00', 3, 202883261762, 'Pending', NULL);
INSERT INTO public.pending_orders OVERRIDING SYSTEM VALUE VALUES (54, '2025-06-09 10:22:15.290435+00', 1, 904056414582, 'Pending', NULL);
INSERT INTO public.pending_orders OVERRIDING SYSTEM VALUE VALUES (55, '2025-06-09 10:24:58.836157+00', 1, 895586977234, 'Pending', NULL);
INSERT INTO public.pending_orders OVERRIDING SYSTEM VALUE VALUES (56, '2025-06-09 11:02:20.045587+00', 3, 383957463451, 'Pending', NULL);
INSERT INTO public.pending_orders OVERRIDING SYSTEM VALUE VALUES (57, '2025-06-09 11:03:05.821208+00', 3, 422125241750, 'Pending', NULL);


--
-- Data for Name: product_categories; Type: TABLE DATA; Schema: public; Owner: yastvanu
--

INSERT INTO public.product_categories OVERRIDING SYSTEM VALUE VALUES (1, '2025-03-30 23:36:43+00', 'Sun Glasses', true, 'product_categories/sun-glasses.png');
INSERT INTO public.product_categories OVERRIDING SYSTEM VALUE VALUES (2, '2025-04-06 15:46:43+00', 'Suits | Tuxedos', true, 'product_categories/suit-and-tie-outfit.png');
INSERT INTO public.product_categories OVERRIDING SYSTEM VALUE VALUES (3, '2025-04-07 17:01:55.558919+00', 'Jeans', true, 'product_categories/jean.png');
INSERT INTO public.product_categories OVERRIDING SYSTEM VALUE VALUES (4, '2025-04-08 11:01:39.094135+00', 'Dresses', true, 'product_categories/dress.png');
INSERT INTO public.product_categories OVERRIDING SYSTEM VALUE VALUES (5, '2025-04-08 11:18:55.614504+00', 'Cardigan | Sweatshirt | Sweater', true, 'product_categories/jersey.png');
INSERT INTO public.product_categories OVERRIDING SYSTEM VALUE VALUES (6, '2025-04-08 14:30:58.771473+00', 'Shirts', true, 'product_categories/cloth.png');
INSERT INTO public.product_categories OVERRIDING SYSTEM VALUE VALUES (7, '2025-04-08 18:55:50.164165+00', 'Shoes | Sneaker | Sandals', true, 'product_categories/Shoes.png');
INSERT INTO public.product_categories OVERRIDING SYSTEM VALUE VALUES (8, '2025-04-08 19:05:29.128481+00', 'HandBags', true, 'product_categories/handbag.png');


--
-- Data for Name: products; Type: TABLE DATA; Schema: public; Owner: yastvanu
--

INSERT INTO public.products OVERRIDING SYSTEM VALUE VALUES (1, '2025-04-06 15:20:48.978312+00', 'Washed Denim pant with GG turn ups', 25220, 'The men''s Cruise 2024 collection presents a contemporary silhouette. Voluminous trousers are paired with fitted jackets, while relaxed cargo pants worn with outerwear pieces offer a sporty edge. This pair of casual denim pants features GG canvas turn ups.', 'jean', 'New', NULL, 65520, '{"Light blue washed denim","Five pocket style","Belt loops","''Gucci Made in Italy'' label","GG canvas turn-ups","Button and zip closure","Length: 42.1inches based on a size 32 (IT)","Turn up cuff: 3.1inches","Made in Italy","The product shown in this image is a size 32 (IT)","Fabric: 100% Cotton.","Details: 70% Cotton, 30% Polyester.","Pocket lining: 65% Polyester, 35% Cotton."}', NULL, NULL, '774078_XDCTN_4452_001_100_0000_Light-Washed-denim-pant-with-GG-turn-ups.png', '774078_XDCTN_4452_005_100_0000_Light-Washed-denim-pant-with-GG-turn-ups.png', '774078_XDCTN_4452_007_100_0000_Light-Washed-denim-pant-with-GG-turn-ups.png', 3, 2, 3, 1, 125, 9, 4);
INSERT INTO public.products OVERRIDING SYSTEM VALUE VALUES (2, '2025-04-06 15:53:57.483868+00', 'Light Wool Suits with GG Shadow', 35121, 'Classics such as elegant shirts and tailored jackets throughout the Cruise 2025 collection stand out with subtle details that elevate everyday looks. This deconstructed jacket is stated in a GG wool flannel, paying homage to founder Guccio Gucci''s monogram motif.', 'suit', 'New', 'Available', 65121, '{"Grey and dark grey GG wool flannel","Fully lined",Deconstructed,"Single breasted","Notch lapel","Chest pocket","Two front pockets","Rear vent","Internal chest pocket","Button closure","Total length: 29.1inches; Shoulder: 17.7inches; Sleeves length: 35inches; based on a size 48 IT","Made in Italy","Model is 6ft 1inches and wears a size 48 IT","Fabric: 100% Wool.","Lining: 100% Viscose","48% Cupro.","Dry clean only. Do not wash. Do not bleach. Do not tumble dry. Iron on low heat."}', 'gg-wool-suit', NULL, '804201_ZARGO_1136_001_100_0000_Light-Wool-jacket-with-GG-Shadow.png', '804201_ZARGO_1136_002_100_0000_Light-Wool-jacket-with-GG-Shadow.png', '804201_ZARGO_1136_004_100_0000_Light-Wool-jacket-with-GG-Shadow.png', 3, 2, 2, 1, 711, 24, 3);
INSERT INTO public.products OVERRIDING SYSTEM VALUE VALUES (3, '2025-04-06 18:23:24.476116+00', 'Tweed blend polo cardigan', 21340, 'Introducing new knitwear styles, sophisticated yarn provides volume, and is further elevated through artisanal details which highlight rich textures. With a new focus on yarns, these knits can be worn alone as a standout piece, or layered to complement the Fall Winter 2024 wardrobe. This wool and viscose blend polo cardigan features an allover sequin embroidery.', 'cardigan', 'Sexy', NULL, 41365, '{"Dark green viscose tweed blend","Allover sequin embroidery","Polo collar","Long sleeves","Two chest pockets","Two front pockets","Rib trim","Length: 67cm","Made in Italy","The model is 178 cm and is wearing size extra small","Fabric: 51% Viscose, 30% Polyamide, 18% Wool, 1% Elastane","Sequins: 100% Polyester"}', 'tweeted-cardigan', NULL, '798149_XKD80_4986_001_100_0000_Light-Tweed-blend-polo-cardigan.png', '798149_XKD80_4986_002_100_0000_Light-Tweed-blend-polo-cardigan.png', '798149_XKD80_4986_004_100_0000_Light-Tweed-blend-polo-cardigan.png', 5, 2, 5, 1, 550, 45, 5);
INSERT INTO public.products OVERRIDING SYSTEM VALUE VALUES (4, '2025-04-08 11:09:10.557853+00', 'Medusa Butterfly Sunglasses', 10274, 'These square-frame metal sunglasses feature a crystal-embellished butterfly on the frames. The eyewear style is complete with a Medusa hardware on the lenses, an engraved Versace Logo on the temples and adjustable nose pads.', 'glass', 'Class', 'Available', 27421, '{"Medusa hardware","Butterfly motif","Crystal embellishments","Frame color: Gold-tone","Temple color: Gold-tone","Frame: Metal","Temple: Metal"}', 'butterfly-glasses', NULL, '90_O2282-OK0030W59_ONUL_22_MedusaButterflySunglasses-Sunglasses-Versace-online-store_0_1.avif', '90_O2282-OK0030W59_ONUL_24_MedusaButterflySunglasses-Sunglasses-Versace-online-store_0_1.avif', '90_O2282-OK0030W59_ONUL_20_MedusaButterflySunglasses-Sunglasses-Versace-online-store_0_1.avif', 5, 1, 1, 1, 70, 2, 2);
INSERT INTO public.products OVERRIDING SYSTEM VALUE VALUES (5, '2025-04-08 11:38:52.258772+00', 'Sportsuit Ultra Dry Stretch Sweatshirt', 92317, 'Give your performance a boost with this super-soft stretch jersey sweatshirt. With Ultra Dry technology to wick away moisture and keep you dry. Advantage: you.', 'sweater', 'Hot', 'Available', 102612, '{"High Zipped neck","Flat anti-chafe seams",Player-tested,"Silicone crocodile on chest","Main fabric: Polyester (80%)","Elastane (20%) / Main fabric: Polyester (88%)","Elastane (12%)"}', 'sweat-shirt', NULL, 'laco2.png', 'laco5.png', 'laco1.png', 3, 3, 5, 1, 33, 5, 4);
INSERT INTO public.products OVERRIDING SYSTEM VALUE VALUES (6, '2025-04-08 14:44:32.974477+00', 'Embroid Shirt White', 11765, 'Revolutionize your elegance for special events with this cotton brilliantine evening shirt. See our care for details in the small leaf collar, the pleated bib and the Swarovski buttons. Rounded bottom. Rear side pleats. Note: Model is 188cm/6''2" and is wearing a size M.', 'shirt', 'New', 'Available', 15621, '{"SHELL #1: 100% COTTON"}', 'embroid-shirt', NULL, 'FABC-MRP1756-PTE003N_01_sf.jpg', 'FABC-MRP1756-PTE003N_01_mf.jpg', 'FABC-MRP1756-PTE003N_01_mb.jpg', 3, 5, 6, 2, 254, 3, 5);
INSERT INTO public.products OVERRIDING SYSTEM VALUE VALUES (7, '2025-04-08 18:22:24.789264+00', 'Loose Fit Piqu Sweatshirt', 78217, 'Lacoste sporting elegance with an urban twist. Fall in love with this loose, cozy sweatshirt in super-comfortable double-face piqu. Featuring a polo collar and signature embroidery for added croco-style. This item runs large. We advise you to take one size smaller than your usual size.', 'sweatshirt', 'Hot', 'Available', 82485, '{"Organic cotton","Loose fit, wide sleeves","Lacoste Paris embroidery","Button placket","Embroidered crocodile on chest","Main fabric: Cotton (52%), Polyester (42%), Elastane (6%) / Rib edge: Cotton (98%), Elastane (2%)"}', 'lacoste-sweat-shirt', NULL, 'IMG_0947.png', 'IMG_0948.jpeg', 'IMG_0949.jpeg', 3, 3, 5, 1, 97, 4, 2);
INSERT INTO public.products OVERRIDING SYSTEM VALUE VALUES (8, '2025-04-08 18:28:27.8505+00', 'Tailored Peplum Dress', 86263, 'Runway codes rework this tailored dress with a crisp, modern look. Crafted from a structured, lightweight blend of wool-silk mikado, the top half is cut with this seasons directional square shoulders and detailed with both a zipper and snap-button fastening. The tapered waist is offset by sharp peplum details on the hips for a play of volume.', 'dress', 'Hot', 'Available', 100831, '{"Main Material : 76%","Wool, 12% Silk, 7%","Cotton, 5% Polyamide",Mastic,"Made in Italy"}', 'peplum-dress', NULL, 'louis-vuitton-tailored-peplum-dress -ready-to-wear--FRRO58SM4100_PM2_Front view.png', 'louis-vuitton-tailored-peplum-dress -ready-to-wear--FRRO58SM4100_PM1_Side view.png', 'louis-vuitton-tailored-peplum-dress -ready-to-wear--FRRO58SM4100_PM1_Back view.png', 5, 4, 4, 1, 57, 16, 5);
INSERT INTO public.products OVERRIDING SYSTEM VALUE VALUES (9, '2025-04-08 18:38:56.767358+00', 'Medusa Chains Silk Shirt', 63161, 'This short-sleeved regular-fit shirt is made from silk twill and features a print showcasing a series of chains with the Medusa at the center.', 'shirt', 'Hot', 'Available', 77950, '{"Medusa Chains print","Short sleeves","Notched collar","Outer composition: 100% Silk"}', 'medusa-chains-silk-shirt', NULL, '90_1003926-1A13397_5B950_10_MedusaChainsSilkShirt-Shirts-Versace-online-store_0_2.avif', '90_1003926-1A13397_5B950_16_MedusaChainsSilkShirt-Shirts-Versace-online-store_0_2.avif', '90_1003926-1A13397_5B950_20_MedusaChainsSilkShirt-Shirts-Versace-online-store_0_2.avif', 3, 1, 6, 1, 137, 11, 4);
INSERT INTO public.products OVERRIDING SYSTEM VALUE VALUES (10, '2025-04-23 11:58:06.868406+00', 'V2025 Patent Sandals 105 mm', 9842, 'These square-toe sandals are crafted in patent calf leather featuring a transparent strap detail and a plexiglass ''V'' shaped heel, a bold graphic interpretation of the Versace Logo.', 'shoe', 'Class', 'Available', 12761, '{"V2025 heel","Square toe","Adjustable ankle straps","Outer composition: 100% Calf leather","Lining 1: 100% Lambskin","Lining 2: 100% Goat leather","Trim: 100% Polyurethane","Sole: 100% Calf leather"}', 'versace-shoe', NULL, '90_1019159-1A13349_1NG7P_22_V2025~Patent~Sandals~105~mm-High~Heel~Sandals-Versace-online-store_0_1.avif', '90_1019159-1A13349_1NG7P_26_V2025~Patent~Sandals~105~mm-High~Heel~Sandals-Versace-online-store_0_1.avif', '90_1019159-1A13349_1NG7P_28_V2025~Patent~Sandals~105~mm-High~Heel~Sandals-Versace-online-store_0_1.avif', 5, 1, 7, 2, 33, 24, 2);
INSERT INTO public.products OVERRIDING SYSTEM VALUE VALUES (11, '2025-04-23 12:36:37.890382+00', 'Wool Blazer Lord Fit', 7263, 'Add a spark to your wardrobe. Check out this wool canvas evening blazer with details that make it stand out. Light wool canvas enriched by all over flocked pattern, velvet peak lapels, velvet lined single button with embroidered Skull & Bones, two velvet trim finished slit pockets, two vents on the back, inner lining. Model is 188cm/6''2" and is wearing a size M.', 'suit', 'Fresh', 'Available', 10450, '{"FABRIC #1: 53% POLYESTER 43% VIRGIN WOOL 4% ELASTANE","FABRIC #2: 100% COTTON","LINING #1: 51% VISCOSE 49% ACETATE","FABRIC #1: 53% POLYESTER 43% VIRGIN WOOL 4% ELASTANE","FABRIC #2: 100% COTTON","LINING #1: 51% VISCOSE 49% ACETATE"}', 'wool-blazer', NULL, 'AADC-MRF1867-PTE076N_02_sf.jpg', 'AADC-MRF1867-PTE076N_02_mf.jpg', 'AADC-MRF1867-PTE076N_02_mb.jpg', 3, 5, 2, 2, 177, 8, 3);


--
-- Data for Name: sellers; Type: TABLE DATA; Schema: public; Owner: yastvanu
--

INSERT INTO public.sellers OVERRIDING SYSTEM VALUE VALUES (1, '2025-04-22 18:03:19+00', 'USHOP LTD', 'davidjonahuti@gmail.com', '123456789', 'sellers/ushop.svg', '08099223388', 'Nigeria', 'USHOP LTD', '29017342567', '10 Lai yusuf Crecent Lekki', 'Lekki Lagos');
INSERT INTO public.sellers OVERRIDING SYSTEM VALUE VALUES (2, '2025-04-23 08:32:50+00', 'Sandra Jonah', 'blessingjonah328@yahoo.com', '123456789', NULL, '09043764178', 'Nigeria', 'Calista Couture', '9876421847', 'Block 10 Unilag estate', 'Egbeda Lagos');


--
-- Data for Name: subject; Type: TABLE DATA; Schema: public; Owner: yastvanu
--

INSERT INTO public.subject OVERRIDING SYSTEM VALUE VALUES (1, '2025-04-14 10:51:43.780966+00', 'Return & Refund');
INSERT INTO public.subject OVERRIDING SYSTEM VALUE VALUES (2, '2025-04-14 10:52:12.611509+00', 'Enquiry');
INSERT INTO public.subject OVERRIDING SYSTEM VALUE VALUES (3, '2025-04-14 10:52:28.590401+00', 'Complaint');
INSERT INTO public.subject OVERRIDING SYSTEM VALUE VALUES (4, '2025-04-14 10:52:56.469642+00', 'Others');
INSERT INTO public.subject OVERRIDING SYSTEM VALUE VALUES (5, '2025-04-14 13:39:42.820499+00', 'Item not as described');
INSERT INTO public.subject OVERRIDING SYSTEM VALUE VALUES (6, '2025-04-14 13:40:18.671084+00', 'I haven''t received my goods');
INSERT INTO public.subject OVERRIDING SYSTEM VALUE VALUES (7, '2025-04-14 13:41:03.280737+00', 'My order is closed wrongly');
INSERT INTO public.subject OVERRIDING SYSTEM VALUE VALUES (8, '2025-04-14 13:41:41.756824+00', 'My payment haven''t been confirmed even after I''ve paid');


--
-- Data for Name: wishlist; Type: TABLE DATA; Schema: public; Owner: yastvanu
--

INSERT INTO public.wishlist OVERRIDING SYSTEM VALUE VALUES (1, '2025-04-06 22:44:21.361247+00', 1, 3);
INSERT INTO public.wishlist OVERRIDING SYSTEM VALUE VALUES (2, '2025-04-06 22:53:18.067397+00', 3, 3);
INSERT INTO public.wishlist OVERRIDING SYSTEM VALUE VALUES (3, '2025-04-06 23:24:37.920633+00', 3, 1);
INSERT INTO public.wishlist OVERRIDING SYSTEM VALUE VALUES (4, '2025-04-09 17:56:28.67249+00', 4, 9);
INSERT INTO public.wishlist OVERRIDING SYSTEM VALUE VALUES (5, '2025-04-15 12:36:42.87293+00', 4, 2);
INSERT INTO public.wishlist OVERRIDING SYSTEM VALUE VALUES (6, '2025-04-15 12:36:52.297418+00', 4, 8);
INSERT INTO public.wishlist OVERRIDING SYSTEM VALUE VALUES (7, '2025-05-20 18:26:35.224209+00', 5, 11);


--
-- Name: admins_admin_id_seq; Type: SEQUENCE SET; Schema: public; Owner: yastvanu
--

SELECT pg_catalog.setval('public.admins_admin_id_seq', 1, false);


--
-- Name: banks_bank_id_seq; Type: SEQUENCE SET; Schema: public; Owner: yastvanu
--

SELECT pg_catalog.setval('public.banks_bank_id_seq', 1, false);


--
-- Name: bundle_products_bundle_product_id_seq; Type: SEQUENCE SET; Schema: public; Owner: yastvanu
--

SELECT pg_catalog.setval('public.bundle_products_bundle_product_id_seq', 1, false);


--
-- Name: bundles_bundle_id_seq; Type: SEQUENCE SET; Schema: public; Owner: yastvanu
--

SELECT pg_catalog.setval('public.bundles_bundle_id_seq', 1, false);


--
-- Name: cart_cart_id_seq; Type: SEQUENCE SET; Schema: public; Owner: yastvanu
--

SELECT pg_catalog.setval('public.cart_cart_id_seq', 1, false);


--
-- Name: categories_cat_id_seq; Type: SEQUENCE SET; Schema: public; Owner: yastvanu
--

SELECT pg_catalog.setval('public.categories_cat_id_seq', 1, false);


--
-- Name: choice_products_choice_product_id_seq; Type: SEQUENCE SET; Schema: public; Owner: yastvanu
--

SELECT pg_catalog.setval('public.choice_products_choice_product_id_seq', 1, false);


--
-- Name: choices_choice_id_seq; Type: SEQUENCE SET; Schema: public; Owner: yastvanu
--

SELECT pg_catalog.setval('public.choices_choice_id_seq', 1, false);


--
-- Name: contacts_id_seq; Type: SEQUENCE SET; Schema: public; Owner: yastvanu
--

SELECT pg_catalog.setval('public.contacts_id_seq', 1, false);


--
-- Name: coupons_coupon_id_seq; Type: SEQUENCE SET; Schema: public; Owner: yastvanu
--

SELECT pg_catalog.setval('public.coupons_coupon_id_seq', 1, false);


--
-- Name: customers_customer_id_seq; Type: SEQUENCE SET; Schema: public; Owner: yastvanu
--

SELECT pg_catalog.setval('public.customers_customer_id_seq', 1, false);


--
-- Name: feedbacks_feedback_id_seq; Type: SEQUENCE SET; Schema: public; Owner: yastvanu
--

SELECT pg_catalog.setval('public.feedbacks_feedback_id_seq', 1, false);


--
-- Name: feedtype_feedtype_id_seq; Type: SEQUENCE SET; Schema: public; Owner: yastvanu
--

SELECT pg_catalog.setval('public.feedtype_feedtype_id_seq', 1, false);


--
-- Name: manufacturers_manufacturer_id_seq; Type: SEQUENCE SET; Schema: public; Owner: yastvanu
--

SELECT pg_catalog.setval('public.manufacturers_manufacturer_id_seq', 1, false);


--
-- Name: order_items_order_item_id_seq; Type: SEQUENCE SET; Schema: public; Owner: yastvanu
--

SELECT pg_catalog.setval('public.order_items_order_item_id_seq', 1, false);


--
-- Name: order_status_history_id_seq; Type: SEQUENCE SET; Schema: public; Owner: yastvanu
--

SELECT pg_catalog.setval('public.order_status_history_id_seq', 1, false);


--
-- Name: orders_order_id_seq; Type: SEQUENCE SET; Schema: public; Owner: yastvanu
--

SELECT pg_catalog.setval('public.orders_order_id_seq', 1, false);


--
-- Name: payments_payment_id_seq; Type: SEQUENCE SET; Schema: public; Owner: yastvanu
--

SELECT pg_catalog.setval('public.payments_payment_id_seq', 1, false);


--
-- Name: pending_order_items_pending_order_item_id_seq; Type: SEQUENCE SET; Schema: public; Owner: yastvanu
--

SELECT pg_catalog.setval('public.pending_order_items_pending_order_item_id_seq', 1, false);


--
-- Name: pending_orders_p_order_id_seq; Type: SEQUENCE SET; Schema: public; Owner: yastvanu
--

SELECT pg_catalog.setval('public.pending_orders_p_order_id_seq', 1, false);


--
-- Name: product_categories_p_cat_id_seq; Type: SEQUENCE SET; Schema: public; Owner: yastvanu
--

SELECT pg_catalog.setval('public.product_categories_p_cat_id_seq', 8, true);


--
-- Name: products_product_id_seq; Type: SEQUENCE SET; Schema: public; Owner: yastvanu
--

SELECT pg_catalog.setval('public.products_product_id_seq', 1, true);


--
-- Name: sellers_seller_id_seq; Type: SEQUENCE SET; Schema: public; Owner: yastvanu
--

SELECT pg_catalog.setval('public.sellers_seller_id_seq', 1, false);


--
-- Name: subject_subject_id_seq; Type: SEQUENCE SET; Schema: public; Owner: yastvanu
--

SELECT pg_catalog.setval('public.subject_subject_id_seq', 1, false);


--
-- Name: wishlist_wishlist_id_seq; Type: SEQUENCE SET; Schema: public; Owner: yastvanu
--

SELECT pg_catalog.setval('public.wishlist_wishlist_id_seq', 1, false);


--
-- Name: admins admins_admin_email_key; Type: CONSTRAINT; Schema: public; Owner: yastvanu
--

ALTER TABLE ONLY public.admins
    ADD CONSTRAINT admins_admin_email_key UNIQUE (admin_email);


--
-- Name: admins admins_pkey; Type: CONSTRAINT; Schema: public; Owner: yastvanu
--

ALTER TABLE ONLY public.admins
    ADD CONSTRAINT admins_pkey PRIMARY KEY (admin_id);


--
-- Name: banks banks_pkey; Type: CONSTRAINT; Schema: public; Owner: yastvanu
--

ALTER TABLE ONLY public.banks
    ADD CONSTRAINT banks_pkey PRIMARY KEY (bank_id);


--
-- Name: bundle_products bundle_products_pkey; Type: CONSTRAINT; Schema: public; Owner: yastvanu
--

ALTER TABLE ONLY public.bundle_products
    ADD CONSTRAINT bundle_products_pkey PRIMARY KEY (bundle_product_id);


--
-- Name: bundles bundles_pkey; Type: CONSTRAINT; Schema: public; Owner: yastvanu
--

ALTER TABLE ONLY public.bundles
    ADD CONSTRAINT bundles_pkey PRIMARY KEY (bundle_id);


--
-- Name: cart cart_pkey; Type: CONSTRAINT; Schema: public; Owner: yastvanu
--

ALTER TABLE ONLY public.cart
    ADD CONSTRAINT cart_pkey PRIMARY KEY (cart_id);


--
-- Name: categories categories_pkey; Type: CONSTRAINT; Schema: public; Owner: yastvanu
--

ALTER TABLE ONLY public.categories
    ADD CONSTRAINT categories_pkey PRIMARY KEY (cat_id);


--
-- Name: choice_products choice_products_pkey; Type: CONSTRAINT; Schema: public; Owner: yastvanu
--

ALTER TABLE ONLY public.choice_products
    ADD CONSTRAINT choice_products_pkey PRIMARY KEY (choice_product_id);


--
-- Name: choices choices_pkey; Type: CONSTRAINT; Schema: public; Owner: yastvanu
--

ALTER TABLE ONLY public.choices
    ADD CONSTRAINT choices_pkey PRIMARY KEY (choice_id);


--
-- Name: contacts contacts_pkey; Type: CONSTRAINT; Schema: public; Owner: yastvanu
--

ALTER TABLE ONLY public.contacts
    ADD CONSTRAINT contacts_pkey PRIMARY KEY (id);


--
-- Name: coupons coupons_pkey; Type: CONSTRAINT; Schema: public; Owner: yastvanu
--

ALTER TABLE ONLY public.coupons
    ADD CONSTRAINT coupons_pkey PRIMARY KEY (coupon_id);


--
-- Name: customers customers_pkey; Type: CONSTRAINT; Schema: public; Owner: yastvanu
--

ALTER TABLE ONLY public.customers
    ADD CONSTRAINT customers_pkey PRIMARY KEY (customer_id);


--
-- Name: feedbacks feedbacks_order_item_id_key; Type: CONSTRAINT; Schema: public; Owner: yastvanu
--

ALTER TABLE ONLY public.feedbacks
    ADD CONSTRAINT feedbacks_order_item_id_key UNIQUE (order_item_id);


--
-- Name: feedbacks feedbacks_pkey; Type: CONSTRAINT; Schema: public; Owner: yastvanu
--

ALTER TABLE ONLY public.feedbacks
    ADD CONSTRAINT feedbacks_pkey PRIMARY KEY (feedback_id);


--
-- Name: feedtype feedtype_pkey; Type: CONSTRAINT; Schema: public; Owner: yastvanu
--

ALTER TABLE ONLY public.feedtype
    ADD CONSTRAINT feedtype_pkey PRIMARY KEY (feedtype_id);


--
-- Name: manufacturers manufacturers_pkey; Type: CONSTRAINT; Schema: public; Owner: yastvanu
--

ALTER TABLE ONLY public.manufacturers
    ADD CONSTRAINT manufacturers_pkey PRIMARY KEY (manufacturer_id);


--
-- Name: order_items order_items_pkey; Type: CONSTRAINT; Schema: public; Owner: yastvanu
--

ALTER TABLE ONLY public.order_items
    ADD CONSTRAINT order_items_pkey PRIMARY KEY (order_item_id);


--
-- Name: order_status_history order_status_history_pkey; Type: CONSTRAINT; Schema: public; Owner: yastvanu
--

ALTER TABLE ONLY public.order_status_history
    ADD CONSTRAINT order_status_history_pkey PRIMARY KEY (id);


--
-- Name: orders orders_invoice_no_key; Type: CONSTRAINT; Schema: public; Owner: yastvanu
--

ALTER TABLE ONLY public.orders
    ADD CONSTRAINT orders_invoice_no_key UNIQUE (invoice_no);


--
-- Name: orders orders_pkey; Type: CONSTRAINT; Schema: public; Owner: yastvanu
--

ALTER TABLE ONLY public.orders
    ADD CONSTRAINT orders_pkey PRIMARY KEY (order_id);


--
-- Name: payments payments_pkey; Type: CONSTRAINT; Schema: public; Owner: yastvanu
--

ALTER TABLE ONLY public.payments
    ADD CONSTRAINT payments_pkey PRIMARY KEY (payment_id);


--
-- Name: pending_order_items pending_order_items_pkey; Type: CONSTRAINT; Schema: public; Owner: yastvanu
--

ALTER TABLE ONLY public.pending_order_items
    ADD CONSTRAINT pending_order_items_pkey PRIMARY KEY (pending_order_item_id);


--
-- Name: pending_orders pending_orders_invoice_no_key; Type: CONSTRAINT; Schema: public; Owner: yastvanu
--

ALTER TABLE ONLY public.pending_orders
    ADD CONSTRAINT pending_orders_invoice_no_key UNIQUE (invoice_no);


--
-- Name: pending_orders pending_orders_pkey; Type: CONSTRAINT; Schema: public; Owner: yastvanu
--

ALTER TABLE ONLY public.pending_orders
    ADD CONSTRAINT pending_orders_pkey PRIMARY KEY (p_order_id);


--
-- Name: product_categories product_categories_pkey; Type: CONSTRAINT; Schema: public; Owner: yastvanu
--

ALTER TABLE ONLY public.product_categories
    ADD CONSTRAINT product_categories_pkey PRIMARY KEY (p_cat_id);


--
-- Name: products products_pkey; Type: CONSTRAINT; Schema: public; Owner: yastvanu
--

ALTER TABLE ONLY public.products
    ADD CONSTRAINT products_pkey PRIMARY KEY (product_id);


--
-- Name: sellers sellers_pkey; Type: CONSTRAINT; Schema: public; Owner: yastvanu
--

ALTER TABLE ONLY public.sellers
    ADD CONSTRAINT sellers_pkey PRIMARY KEY (seller_id);


--
-- Name: sellers sellers_seller_email_key; Type: CONSTRAINT; Schema: public; Owner: yastvanu
--

ALTER TABLE ONLY public.sellers
    ADD CONSTRAINT sellers_seller_email_key UNIQUE (seller_email);


--
-- Name: subject subject_pkey; Type: CONSTRAINT; Schema: public; Owner: yastvanu
--

ALTER TABLE ONLY public.subject
    ADD CONSTRAINT subject_pkey PRIMARY KEY (subject_id);


--
-- Name: wishlist wishlist_pkey; Type: CONSTRAINT; Schema: public; Owner: yastvanu
--

ALTER TABLE ONLY public.wishlist
    ADD CONSTRAINT wishlist_pkey PRIMARY KEY (wishlist_id);


--
-- Name: bundle_products bundle_products_bundle_id_fkey; Type: FK CONSTRAINT; Schema: public; Owner: yastvanu
--

ALTER TABLE ONLY public.bundle_products
    ADD CONSTRAINT bundle_products_bundle_id_fkey FOREIGN KEY (bundle_id) REFERENCES public.bundles(bundle_id);


--
-- Name: bundle_products bundle_products_product_id_fkey; Type: FK CONSTRAINT; Schema: public; Owner: yastvanu
--

ALTER TABLE ONLY public.bundle_products
    ADD CONSTRAINT bundle_products_product_id_fkey FOREIGN KEY (product_id) REFERENCES public.products(product_id);


--
-- Name: bundles bundles_seller_id_fkey; Type: FK CONSTRAINT; Schema: public; Owner: yastvanu
--

ALTER TABLE ONLY public.bundles
    ADD CONSTRAINT bundles_seller_id_fkey FOREIGN KEY (seller_id) REFERENCES public.sellers(seller_id);


--
-- Name: cart cart_customer_id_fkey; Type: FK CONSTRAINT; Schema: public; Owner: yastvanu
--

ALTER TABLE ONLY public.cart
    ADD CONSTRAINT cart_customer_id_fkey FOREIGN KEY (customer_id) REFERENCES public.customers(customer_id);


--
-- Name: cart cart_product_id_fkey; Type: FK CONSTRAINT; Schema: public; Owner: yastvanu
--

ALTER TABLE ONLY public.cart
    ADD CONSTRAINT cart_product_id_fkey FOREIGN KEY (product_id) REFERENCES public.products(product_id);


--
-- Name: choice_products choice_products_choice_id_fkey; Type: FK CONSTRAINT; Schema: public; Owner: yastvanu
--

ALTER TABLE ONLY public.choice_products
    ADD CONSTRAINT choice_products_choice_id_fkey FOREIGN KEY (choice_id) REFERENCES public.choices(choice_id);


--
-- Name: choice_products choice_products_product_id_fkey; Type: FK CONSTRAINT; Schema: public; Owner: yastvanu
--

ALTER TABLE ONLY public.choice_products
    ADD CONSTRAINT choice_products_product_id_fkey FOREIGN KEY (product_id) REFERENCES public.products(product_id);


--
-- Name: choices choices_customer_id_fkey; Type: FK CONSTRAINT; Schema: public; Owner: yastvanu
--

ALTER TABLE ONLY public.choices
    ADD CONSTRAINT choices_customer_id_fkey FOREIGN KEY (customer_id) REFERENCES public.customers(customer_id);


--
-- Name: contacts contacts_customer_id_fkey; Type: FK CONSTRAINT; Schema: public; Owner: yastvanu
--

ALTER TABLE ONLY public.contacts
    ADD CONSTRAINT contacts_customer_id_fkey FOREIGN KEY (customer_id) REFERENCES public.customers(customer_id);


--
-- Name: contacts contacts_subject_id_fkey; Type: FK CONSTRAINT; Schema: public; Owner: yastvanu
--

ALTER TABLE ONLY public.contacts
    ADD CONSTRAINT contacts_subject_id_fkey FOREIGN KEY (subject_id) REFERENCES public.subject(subject_id);


--
-- Name: coupons coupons_product_id_fkey; Type: FK CONSTRAINT; Schema: public; Owner: yastvanu
--

ALTER TABLE ONLY public.coupons
    ADD CONSTRAINT coupons_product_id_fkey FOREIGN KEY (product_id) REFERENCES public.products(product_id);


--
-- Name: feedbacks feedbacky_feedtype_id_fkey; Type: FK CONSTRAINT; Schema: public; Owner: yastvanu
--

ALTER TABLE ONLY public.feedbacks
    ADD CONSTRAINT feedbacky_feedtype_id_fkey FOREIGN KEY (feedtype_id) REFERENCES public.feedtype(feedtype_id);


--
-- Name: feedbacks feedbacky_order_id_fkey; Type: FK CONSTRAINT; Schema: public; Owner: yastvanu
--

ALTER TABLE ONLY public.feedbacks
    ADD CONSTRAINT feedbacky_order_id_fkey FOREIGN KEY (order_id) REFERENCES public.orders(order_id);


--
-- Name: feedbacks feedbacky_order_item_id_fkey; Type: FK CONSTRAINT; Schema: public; Owner: yastvanu
--

ALTER TABLE ONLY public.feedbacks
    ADD CONSTRAINT feedbacky_order_item_id_fkey FOREIGN KEY (order_item_id) REFERENCES public.order_items(order_item_id);


--
-- Name: order_items order_items_order_id_fkey; Type: FK CONSTRAINT; Schema: public; Owner: yastvanu
--

ALTER TABLE ONLY public.order_items
    ADD CONSTRAINT order_items_order_id_fkey FOREIGN KEY (order_id) REFERENCES public.orders(order_id);


--
-- Name: order_items order_items_product_id_fkey; Type: FK CONSTRAINT; Schema: public; Owner: yastvanu
--

ALTER TABLE ONLY public.order_items
    ADD CONSTRAINT order_items_product_id_fkey FOREIGN KEY (product_id) REFERENCES public.products(product_id);


--
-- Name: order_status_history order_status_history_order_id_fkey; Type: FK CONSTRAINT; Schema: public; Owner: yastvanu
--

ALTER TABLE ONLY public.order_status_history
    ADD CONSTRAINT order_status_history_order_id_fkey FOREIGN KEY (order_id) REFERENCES public.orders(order_id);


--
-- Name: orders orders_customer_id_fkey; Type: FK CONSTRAINT; Schema: public; Owner: yastvanu
--

ALTER TABLE ONLY public.orders
    ADD CONSTRAINT orders_customer_id_fkey FOREIGN KEY (customer_id) REFERENCES public.customers(customer_id);


--
-- Name: payments payments_bank_id_fkey; Type: FK CONSTRAINT; Schema: public; Owner: yastvanu
--

ALTER TABLE ONLY public.payments
    ADD CONSTRAINT payments_bank_id_fkey FOREIGN KEY (bank_id) REFERENCES public.banks(bank_id);


--
-- Name: pending_order_items pending_order_items_pending_order_id_fkey; Type: FK CONSTRAINT; Schema: public; Owner: yastvanu
--

ALTER TABLE ONLY public.pending_order_items
    ADD CONSTRAINT pending_order_items_pending_order_id_fkey FOREIGN KEY (pending_order_id) REFERENCES public.pending_orders(p_order_id);


--
-- Name: pending_order_items pending_order_items_product_id_fkey; Type: FK CONSTRAINT; Schema: public; Owner: yastvanu
--

ALTER TABLE ONLY public.pending_order_items
    ADD CONSTRAINT pending_order_items_product_id_fkey FOREIGN KEY (product_id) REFERENCES public.products(product_id);


--
-- Name: pending_order_items pending_order_items_seller_id_fkey; Type: FK CONSTRAINT; Schema: public; Owner: yastvanu
--

ALTER TABLE ONLY public.pending_order_items
    ADD CONSTRAINT pending_order_items_seller_id_fkey FOREIGN KEY (seller_id) REFERENCES public.sellers(seller_id);


--
-- Name: pending_orders pending_orders_customer_id_fkey; Type: FK CONSTRAINT; Schema: public; Owner: yastvanu
--

ALTER TABLE ONLY public.pending_orders
    ADD CONSTRAINT pending_orders_customer_id_fkey FOREIGN KEY (customer_id) REFERENCES public.customers(customer_id);


--
-- Name: pending_orders pending_orders_invoice_no_fkey; Type: FK CONSTRAINT; Schema: public; Owner: yastvanu
--

ALTER TABLE ONLY public.pending_orders
    ADD CONSTRAINT pending_orders_invoice_no_fkey FOREIGN KEY (invoice_no) REFERENCES public.orders(invoice_no);


--
-- Name: pending_orders pending_orders_order_id_fkey; Type: FK CONSTRAINT; Schema: public; Owner: yastvanu
--

ALTER TABLE ONLY public.pending_orders
    ADD CONSTRAINT pending_orders_order_id_fkey FOREIGN KEY (order_id) REFERENCES public.orders(order_id);


--
-- Name: products products_cat_id_fkey; Type: FK CONSTRAINT; Schema: public; Owner: yastvanu
--

ALTER TABLE ONLY public.products
    ADD CONSTRAINT products_cat_id_fkey FOREIGN KEY (cat_id) REFERENCES public.categories(cat_id);


--
-- Name: products products_manufacturer_id_fkey; Type: FK CONSTRAINT; Schema: public; Owner: yastvanu
--

ALTER TABLE ONLY public.products
    ADD CONSTRAINT products_manufacturer_id_fkey FOREIGN KEY (manufacturer_id) REFERENCES public.manufacturers(manufacturer_id);


--
-- Name: products products_p_cat_id_fkey; Type: FK CONSTRAINT; Schema: public; Owner: yastvanu
--

ALTER TABLE ONLY public.products
    ADD CONSTRAINT products_p_cat_id_fkey FOREIGN KEY (p_cat_id) REFERENCES public.product_categories(p_cat_id);


--
-- Name: products products_seller_id_fkey; Type: FK CONSTRAINT; Schema: public; Owner: yastvanu
--

ALTER TABLE ONLY public.products
    ADD CONSTRAINT products_seller_id_fkey FOREIGN KEY (seller_id) REFERENCES public.sellers(seller_id);


--
-- Name: wishlist wishlist_customer_id_fkey; Type: FK CONSTRAINT; Schema: public; Owner: yastvanu
--

ALTER TABLE ONLY public.wishlist
    ADD CONSTRAINT wishlist_customer_id_fkey FOREIGN KEY (customer_id) REFERENCES public.customers(customer_id);


--
-- Name: wishlist wishlist_product_id_fkey; Type: FK CONSTRAINT; Schema: public; Owner: yastvanu
--

ALTER TABLE ONLY public.wishlist
    ADD CONSTRAINT wishlist_product_id_fkey FOREIGN KEY (product_id) REFERENCES public.products(product_id);


--
-- Name: TABLE admins; Type: ACL; Schema: public; Owner: yastvanu
--

GRANT ALL ON TABLE public.admins TO yastvanu_shop;


--
-- Name: TABLE banks; Type: ACL; Schema: public; Owner: yastvanu
--

GRANT ALL ON TABLE public.banks TO yastvanu_shop;


--
-- Name: TABLE bundle_products; Type: ACL; Schema: public; Owner: yastvanu
--

GRANT ALL ON TABLE public.bundle_products TO yastvanu_shop;


--
-- Name: TABLE bundles; Type: ACL; Schema: public; Owner: yastvanu
--

GRANT ALL ON TABLE public.bundles TO yastvanu_shop;


--
-- Name: TABLE cart; Type: ACL; Schema: public; Owner: yastvanu
--

GRANT ALL ON TABLE public.cart TO yastvanu_shop;


--
-- Name: TABLE categories; Type: ACL; Schema: public; Owner: yastvanu
--

GRANT ALL ON TABLE public.categories TO yastvanu_shop;


--
-- Name: TABLE choice_products; Type: ACL; Schema: public; Owner: yastvanu
--

GRANT ALL ON TABLE public.choice_products TO yastvanu_shop;


--
-- Name: TABLE choices; Type: ACL; Schema: public; Owner: yastvanu
--

GRANT ALL ON TABLE public.choices TO yastvanu_shop;


--
-- Name: TABLE contacts; Type: ACL; Schema: public; Owner: yastvanu
--

GRANT ALL ON TABLE public.contacts TO yastvanu_shop;


--
-- Name: TABLE coupons; Type: ACL; Schema: public; Owner: yastvanu
--

GRANT ALL ON TABLE public.coupons TO yastvanu_shop;


--
-- Name: TABLE customers; Type: ACL; Schema: public; Owner: yastvanu
--

GRANT ALL ON TABLE public.customers TO yastvanu_shop;


--
-- Name: TABLE feedbacks; Type: ACL; Schema: public; Owner: yastvanu
--

GRANT ALL ON TABLE public.feedbacks TO yastvanu_shop;


--
-- Name: TABLE feedtype; Type: ACL; Schema: public; Owner: yastvanu
--

GRANT ALL ON TABLE public.feedtype TO yastvanu_shop;


--
-- Name: TABLE manufacturers; Type: ACL; Schema: public; Owner: yastvanu
--

GRANT ALL ON TABLE public.manufacturers TO yastvanu_shop;


--
-- Name: TABLE order_items; Type: ACL; Schema: public; Owner: yastvanu
--

GRANT ALL ON TABLE public.order_items TO yastvanu_shop;


--
-- Name: TABLE order_status_history; Type: ACL; Schema: public; Owner: yastvanu
--

GRANT ALL ON TABLE public.order_status_history TO yastvanu_shop;


--
-- Name: TABLE orders; Type: ACL; Schema: public; Owner: yastvanu
--

GRANT ALL ON TABLE public.orders TO yastvanu_shop;


--
-- Name: TABLE payments; Type: ACL; Schema: public; Owner: yastvanu
--

GRANT ALL ON TABLE public.payments TO yastvanu_shop;


--
-- Name: TABLE pending_order_items; Type: ACL; Schema: public; Owner: yastvanu
--

GRANT ALL ON TABLE public.pending_order_items TO yastvanu_shop;


--
-- Name: TABLE pending_orders; Type: ACL; Schema: public; Owner: yastvanu
--

GRANT ALL ON TABLE public.pending_orders TO yastvanu_shop;


--
-- Name: TABLE product_categories; Type: ACL; Schema: public; Owner: yastvanu
--

GRANT ALL ON TABLE public.product_categories TO yastvanu_shop;


--
-- Name: TABLE products; Type: ACL; Schema: public; Owner: yastvanu
--

GRANT ALL ON TABLE public.products TO yastvanu_shop;


--
-- Name: TABLE sellers; Type: ACL; Schema: public; Owner: yastvanu
--

GRANT ALL ON TABLE public.sellers TO yastvanu_shop;


--
-- Name: TABLE subject; Type: ACL; Schema: public; Owner: yastvanu
--

GRANT ALL ON TABLE public.subject TO yastvanu_shop;


--
-- Name: TABLE wishlist; Type: ACL; Schema: public; Owner: yastvanu
--

GRANT ALL ON TABLE public.wishlist TO yastvanu_shop;


--
-- PostgreSQL database dump complete
--

